Workbook

Sheet Calendar
A1: 📅 MONTHLY TASK CALENDAR
A4: Select Month: | C4: 1 | D4: Year: | E4: 2026 | G4: =TEXT(DATE(E4,C4,1),"MMMM YYYY") -> January 2026
A6: Sunday | C6: Monday | E6: Tuesday | G6: Wednesday | I6: Thursday | K6: Friday | M6: Saturday
A7: ✓ | B7: Task | C7: ✓ | D7: Task | E7: ✓ | F7: Task | G7: ✓ | H7: Task | I7: ✓ | J7: Task | K7: ✓ | L7: Task | M7: ✓ | N7: Task
A8: =IF(AND(1-WEEKDAY(DATE($E$4,$C$4,1))+1>=1,1-WEEKDAY(DATE($E$4,$C$4,1))+1<=DAY(EOMONTH(DATE($E$4,$C$4,1),0))),1-WEEKDAY(DATE($E$4,$C$4,1))+1,"") | C8: =IF(AND(2-WEEKDAY(DATE($E$4,$C$4,1))+1>=1,2-WEEKDAY(DATE($E$4,$C$4,1))+1<=DAY(EOMONTH(DATE($E$4,$C$4,1),0))),2-WEEKDAY(DATE($E$4,$C$4,1))+1,"") | E8: =IF(AND(3-WEEKDAY(DATE($E$4,$C$4,1))+1>=1,3-WEEKDAY(DATE($E$4,$C$4,1))+1<=DAY(EOMONTH(DATE($E$4,$C$4,1),0))),3-WEEKDAY(DATE($E$4,$C$4,1))+1,"") | G8: =IF(AND(4-WEEKDAY(DATE($E$4,$C$4,1))+1>=1,4-WEEKDAY(DATE($E$4,$C$4,1))+1<=DAY(EOMONTH(DATE($E$4,$C$4,1),0))),4-WEEKDAY(DATE($E$4,$C$4,1))+1,"") | I8: =IF(AND(5-WEEKDAY(DATE($E$4,$C$4,1))+1>=1,5-WEEKDAY(DATE($E$4,$C$4,1))+1<=DAY(EOMONTH(DATE($E$4,$C$4,1),0))),5-WEEKDAY(DATE($E$4,$C$4,1))+1,"") -> 1 | K8: =IF(AND(6-WEEKDAY(DATE($E$4,$C$4,1))+1>=1,6-WEEKDAY(DATE($E$4,$C$4,1))+1<=DAY(EOMONTH(DATE($E$4,$C$4,1),0))),6-WEEKDAY(DATE($E$4,$C$4,1))+1,"") -> 2 | M8: =IF(AND(7-WEEKDAY(DATE($E$4,$C$4,1))+1>=1,7-WEEKDAY(DATE($E$4,$C$4,1))+1<=DAY(EOMONTH(DATE($E$4,$C$4,1),0))),7-WEEKDAY(DATE($E$4,$C$4,1))+1,"") -> 3
G9: ✓ | H9: Team standup meeting | J9: Sprint planning
H10: Review PRs
A14: =IF(AND(8-WEEKDAY(DATE($E$4,$C$4,1))+1>=1,8-WEEKDAY(DATE($E$4,$C$4,1))+1<=DAY(EOMONTH(DATE($E$4,$C$4,1),0))),8-WEEKDAY(DATE($E$4,$C$4,1))+1,"") -> 4 | C14: =IF(AND(9-WEEKDAY(DATE($E$4,$C$4,1))+1>=1,9-WEEKDAY(DATE($E$4,$C$4,1))+1<=DAY(EOMONTH(DATE($E$4,$C$4,1),0))),9-WEEKDAY(DATE($E$4,$C$4,1))+1,"") -> 5 | E14: =IF(AND(10-WEEKDAY(DATE($E$4,$C$4,1))+1>=1,10-WEEKDAY(DATE($E$4,$C$4,1))+1<=DAY(EOMONTH(DATE($E$4,$C$4,1),0))),10-WEEKDAY(DATE($E$4,$C$4,1))+1,"") -> 6 | G14: =IF(AND(11-WEEKDAY(DATE($E$4,$C$4,1))+1>=1,11-WEEKDAY(DATE($E$4,$C$4,1))+1<=DAY(EOMONTH(DATE($E$4,$C$4,1),0))),11-WEEKDAY(DATE($E$4,$C$4,1))+1,"") -> 7 | I14: =IF(AND(12-WEEKDAY(DATE($E$4,$C$4,1))+1>=1,12-WEEKDAY(DATE($E$4,$C$4,1))+1<=DAY(EOMONTH(DATE($E$4,$C$4,1),0))),12-WEEKDAY(DATE($E$4,$C$4,1))+1,"") -> 8 | K14: =IF(AND(13-WEEKDAY(DATE($E$4,$C$4,1))+1>=1,13-WEEKDAY(DATE($E$4,$C$4,1))+1<=DAY(EOMONTH(DATE($E$4,$C$4,1),0))),13-WEEKDAY(DATE($E$4,$C$4,1))+1,"") -> 9 | M14: =IF(AND(14-WEEKDAY(DATE($E$4,$C$4,1))+1>=1,14-WEEKDAY(DATE($E$4,$C$4,1))+1<=DAY(EOMONTH(DATE($E$4,$C$4,1),0))),14-WEEKDAY(DATE($E$4,$C$4,1))+1,"") -> 10
D15: Process mining workshop | E15: ✓ | F15: AI model review | H15: Client presentation | J15: Documentation update
D16: Data extraction
A20: =IF(AND(15-WEEKDAY(DATE($E$4,$C$4,1))+1>=1,15-WEEKDAY(DATE($E$4,$C$4,1))+1<=DAY(EOMONTH(DATE($E$4,$C$4,1),0))),15-WEEKDAY(DATE($E$4,$C$4,1))+1,"") -> 11 | C20: =IF(AND(16-WEEKDAY(DATE($E$4,$C$4,1))+1>=1,16-WEEKDAY(DATE($E$4,$C$4,1))+1<=DAY(EOMONTH(DATE($E$4,$C$4,1),0))),16-WEEKDAY(DATE($E$4,$C$4,1))+1,"") -> 12 | E20: =IF(AND(17-WEEKDAY(DATE($E$4,$C$4,1))+1>=1,17-WEEKDAY(DATE($E$4,$C$4,1))+1<=DAY(EOMONTH(DATE($E$4,$C$4,1),0))),17-WEEKDAY(DATE($E$4,$C$4,1))+1,"") -> 13 | G20: =IF(AND(18-WEEKDAY(DATE($E$4,$C$4,1))+1>=1,18-WEEKDAY(DATE($E$4,$C$4,1))+1<=DAY(EOMONTH(DATE($E$4,$C$4,1),0))),18-WEEKDAY(DATE($E$4,$C$4,1))+1,"") -> 14 | I20: =IF(AND(19-WEEKDAY(DATE($E$4,$C$4,1))+1>=1,19-WEEKDAY(DATE($E$4,$C$4,1))+1<=DAY(EOMONTH(DATE($E$4,$C$4,1),0))),19-WEEKDAY(DATE($E$4,$C$4,1))+1,"") -> 15 | K20: =IF(AND(20-WEEKDAY(DATE($E$4,$C$4,1))+1>=1,20-WEEKDAY(DATE($E$4,$C$4,1))+1<=DAY(EOMONTH(DATE($E$4,$C$4,1),0))),20-WEEKDAY(DATE($E$4,$C$4,1))+1,"") -> 16 | M20: =IF(AND(21-WEEKDAY(DATE($E$4,$C$4,1))+1>=1,21-WEEKDAY(DATE($E$4,$C$4,1))+1<=DAY(EOMONTH(DATE($E$4,$C$4,1),0))),21-WEEKDAY(DATE($E$4,$C$4,1))+1,"") -> 17
B21: Weekly report | D21: Code refactoring | F21: Testing session | H21: Deployment prep
A26: =IF(AND(22-WEEKDAY(DATE($E$4,$C$4,1))+1>=1,22-WEEKDAY(DATE($E$4,$C$4,1))+1<=DAY(EOMONTH(DATE($E$4,$C$4,1),0))),22-WEEKDAY(DATE($E$4,$C$4,1))+1,"") -> 18 | C26: =IF(AND(23-WEEKDAY(DATE($E$4,$C$4,1))+1>=1,23-WEEKDAY(DATE($E$4,$C$4,1))+1<=DAY(EOMONTH(DATE($E$4,$C$4,1),0))),23-WEEKDAY(DATE($E$4,$C$4,1))+1,"") -> 19 | E26: =IF(AND(24-WEEKDAY(DATE($E$4,$C$4,1))+1>=1,24-WEEKDAY(DATE($E$4,$C$4,1))+1<=DAY(EOMONTH(DATE($E$4,$C$4,1),0))),24-WEEKDAY(DATE($E$4,$C$4,1))+1,"") -> 20 | G26: =IF(AND(25-WEEKDAY(DATE($E$4,$C$4,1))+1>=1,25-WEEKDAY(DATE($E$4,$C$4,1))+1<=DAY(EOMONTH(DATE($E$4,$C$4,1),0))),25-WEEKDAY(DATE($E$4,$C$4,1))+1,"") -> 21 | I26: =IF(AND(26-WEEKDAY(DATE($E$4,$C$4,1))+1>=1,26-WEEKDAY(DATE($E$4,$C$4,1))+1<=DAY(EOMONTH(DATE($E$4,$C$4,1),0))),26-WEEKDAY(DATE($E$4,$C$4,1))+1,"") -> 22 | K26: =IF(AND(27-WEEKDAY(DATE($E$4,$C$4,1))+1>=1,27-WEEKDAY(DATE($E$4,$C$4,1))+1<=DAY(EOMONTH(DATE($E$4,$C$4,1),0))),27-WEEKDAY(DATE($E$4,$C$4,1))+1,"") -> 23 | M26: =IF(AND(28-WEEKDAY(DATE($E$4,$C$4,1))+1>=1,28-WEEKDAY(DATE($E$4,$C$4,1))+1<=DAY(EOMONTH(DATE($E$4,$C$4,1),0))),28-WEEKDAY(DATE($E$4,$C$4,1))+1,"") -> 24
A32: =IF(AND(29-WEEKDAY(DATE($E$4,$C$4,1))+1>=1,29-WEEKDAY(DATE($E$4,$C$4,1))+1<=DAY(EOMONTH(DATE($E$4,$C$4,1),0))),29-WEEKDAY(DATE($E$4,$C$4,1))+1,"") -> 25 | C32: =IF(AND(30-WEEKDAY(DATE($E$4,$C$4,1))+1>=1,30-WEEKDAY(DATE($E$4,$C$4,1))+1<=DAY(EOMONTH(DATE($E$4,$C$4,1),0))),30-WEEKDAY(DATE($E$4,$C$4,1))+1,"") -> 26 | E32: =IF(AND(31-WEEKDAY(DATE($E$4,$C$4,1))+1>=1,31-WEEKDAY(DATE($E$4,$C$4,1))+1<=DAY(EOMONTH(DATE($E$4,$C$4,1),0))),31-WEEKDAY(DATE($E$4,$C$4,1))+1,"") -> 27 | G32: =IF(AND(32-WEEKDAY(DATE($E$4,$C$4,1))+1>=1,32-WEEKDAY(DATE($E$4,$C$4,1))+1<=DAY(EOMONTH(DATE($E$4,$C$4,1),0))),32-WEEKDAY(DATE($E$4,$C$4,1))+1,"") -> 28 | I32: =IF(AND(33-WEEKDAY(DATE($E$4,$C$4,1))+1>=1,33-WEEKDAY(DATE($E$4,$C$4,1))+1<=DAY(EOMONTH(DATE($E$4,$C$4,1),0))),33-WEEKDAY(DATE($E$4,$C$4,1))+1,"") -> 29 | K32: =IF(AND(34-WEEKDAY(DATE($E$4,$C$4,1))+1>=1,34-WEEKDAY(DATE($E$4,$C$4,1))+1<=DAY(EOMONTH(DATE($E$4,$C$4,1),0))),34-WEEKDAY(DATE($E$4,$C$4,1))+1,"") -> 30 | M32: =IF(AND(35-WEEKDAY(DATE($E$4,$C$4,1))+1>=1,35-WEEKDAY(DATE($E$4,$C$4,1))+1<=DAY(EOMONTH(DATE($E$4,$C$4,1),0))),35-WEEKDAY(DATE($E$4,$C$4,1))+1,"") -> 31
A38: =IF(AND(36-WEEKDAY(DATE($E$4,$C$4,1))+1>=1,36-WEEKDAY(DATE($E$4,$C$4,1))+1<=DAY(EOMONTH(DATE($E$4,$C$4,1),0))),36-WEEKDAY(DATE($E$4,$C$4,1))+1,"") | C38: =IF(AND(37-WEEKDAY(DATE($E$4,$C$4,1))+1>=1,37-WEEKDAY(DATE($E$4,$C$4,1))+1<=DAY(EOMONTH(DATE($E$4,$C$4,1),0))),37-WEEKDAY(DATE($E$4,$C$4,1))+1,"") | E38: =IF(AND(38-WEEKDAY(DATE($E$4,$C$4,1))+1>=1,38-WEEKDAY(DATE($E$4,$C$4,1))+1<=DAY(EOMONTH(DATE($E$4,$C$4,1),0))),38-WEEKDAY(DATE($E$4,$C$4,1))+1,"") | G38: =IF(AND(39-WEEKDAY(DATE($E$4,$C$4,1))+1>=1,39-WEEKDAY(DATE($E$4,$C$4,1))+1<=DAY(EOMONTH(DATE($E$4,$C$4,1),0))),39-WEEKDAY(DATE($E$4,$C$4,1))+1,"") | I38: =IF(AND(40-WEEKDAY(DATE($E$4,$C$4,1))+1>=1,40-WEEKDAY(DATE($E$4,$C$4,1))+1<=DAY(EOMONTH(DATE($E$4,$C$4,1),0))),40-WEEKDAY(DATE($E$4,$C$4,1))+1,"") | K38: =IF(AND(41-WEEKDAY(DATE($E$4,$C$4,1))+1>=1,41-WEEKDAY(DATE($E$4,$C$4,1))+1<=DAY(EOMONTH(DATE($E$4,$C$4,1),0))),41-WEEKDAY(DATE($E$4,$C$4,1))+1,"") | M38: =IF(AND(42-WEEKDAY(DATE($E$4,$C$4,1))+1>=1,42-WEEKDAY(DATE($E$4,$C$4,1))+1<=DAY(EOMONTH(DATE($E$4,$C$4,1),0))),42-WEEKDAY(DATE($E$4,$C$4,1))+1,"")
A45: 📝 How to Use | I45: ✓ | J45: =done -> #NAME? | L45: =pending -> #NAME?
A46: • Type tasks directly in Task column • Click ✓ to mark complete • Pending tasks appear in 'Pending Tasks' sheet

Sheet _Helper
A2: =IF(AND(Calendar!A9<>"✓",Calendar!B9<>"",Calendar!A8<>""),Calendar!B9,"") | B2: =IF(A2<>"",DATE(Calendar!$E$4,Calendar!$C$4,Calendar!A8),"") | C2: =IF(A2<>"",TEXT(B2,"dddd"),"") | D2: =IF(A2<>"",1,"") | E2: =IF(A2<>"",SUMPRODUCT(($A$2:$A2<>"")*1),"")
A3: =IF(AND(Calendar!A10<>"✓",Calendar!B10<>"",Calendar!A8<>""),Calendar!B10,"") | B3: =IF(A3<>"",DATE(Calendar!$E$4,Calendar!$C$4,Calendar!A8),"") | C3: =IF(A3<>"",TEXT(B3,"dddd"),"") | D3: =IF(A3<>"",1,"") | E3: =IF(A3<>"",SUMPRODUCT(($A$2:$A3<>"")*1),"")
A4: =IF(AND(Calendar!A11<>"✓",Calendar!B11<>"",Calendar!A8<>""),Calendar!B11,"") | B4: =IF(A4<>"",DATE(Calendar!$E$4,Calendar!$C$4,Calendar!A8),"") | C4: =IF(A4<>"",TEXT(B4,"dddd"),"") | D4: =IF(A4<>"",1,"") | E4: =IF(A4<>"",SUMPRODUCT(($A$2:$A4<>"")*1),"")
A5: =IF(AND(Calendar!A12<>"✓",Calendar!B12<>"",Calendar!A8<>""),Calendar!B12,"") | B5: =IF(A5<>"",DATE(Calendar!$E$4,Calendar!$C$4,Calendar!A8),"") | C5: =IF(A5<>"",TEXT(B5,"dddd"),"") | D5: =IF(A5<>"",1,"") | E5: =IF(A5<>"",SUMPRODUCT(($A$2:$A5<>"")*1),"")
A6: =IF(AND(Calendar!A13<>"✓",Calendar!B13<>"",Calendar!A8<>""),Calendar!B13,"") | B6: =IF(A6<>"",DATE(Calendar!$E$4,Calendar!$C$4,Calendar!A8),"") | C6: =IF(A6<>"",TEXT(B6,"dddd"),"") | D6: =IF(A6<>"",1,"") | E6: =IF(A6<>"",SUMPRODUCT(($A$2:$A6<>"")*1),"")
A7: =IF(AND(Calendar!C9<>"✓",Calendar!D9<>"",Calendar!C8<>""),Calendar!D9,"") | B7: =IF(A7<>"",DATE(Calendar!$E$4,Calendar!$C$4,Calendar!C8),"") | C7: =IF(A7<>"",TEXT(B7,"dddd"),"") | D7: =IF(A7<>"",1,"") | E7: =IF(A7<>"",SUMPRODUCT(($A$2:$A7<>"")*1),"")
A8: =IF(AND(Calendar!C10<>"✓",Calendar!D10<>"",Calendar!C8<>""),Calendar!D10,"") | B8: =IF(A8<>"",DATE(Calendar!$E$4,Calendar!$C$4,Calendar!C8),"") | C8: =IF(A8<>"",TEXT(B8,"dddd"),"") | D8: =IF(A8<>"",1,"") | E8: =IF(A8<>"",SUMPRODUCT(($A$2:$A8<>"")*1),"")
A9: =IF(AND(Calendar!C11<>"✓",Calendar!D11<>"",Calendar!C8<>""),Calendar!D11,"") | B9: =IF(A9<>"",DATE(Calendar!$E$4,Calendar!$C$4,Calendar!C8),"") | C9: =IF(A9<>"",TEXT(B9,"dddd"),"") | D9: =IF(A9<>"",1,"") | E9: =IF(A9<>"",SUMPRODUCT(($A$2:$A9<>"")*1),"")
A10: =IF(AND(Calendar!C12<>"✓",Calendar!D12<>"",Calendar!C8<>""),Calendar!D12,"") | B10: =IF(A10<>"",DATE(Calendar!$E$4,Calendar!$C$4,Calendar!C8),"") | C10: =IF(A10<>"",TEXT(B10,"dddd"),"") | D10: =IF(A10<>"",1,"") | E10: =IF(A10<>"",SUMPRODUCT(($A$2:$A10<>"")*1),"")
A11: =IF(AND(Calendar!C13<>"✓",Calendar!D13<>"",Calendar!C8<>""),Calendar!D13,"") | B11: =IF(A11<>"",DATE(Calendar!$E$4,Calendar!$C$4,Calendar!C8),"") | C11: =IF(A11<>"",TEXT(B11,"dddd"),"") | D11: =IF(A11<>"",1,"") | E11: =IF(A11<>"",SUMPRODUCT(($A$2:$A11<>"")*1),"")
A12: =IF(AND(Calendar!E9<>"✓",Calendar!F9<>"",Calendar!E8<>""),Calendar!F9,"") | B12: =IF(A12<>"",DATE(Calendar!$E$4,Calendar!$C$4,Calendar!E8),"") | C12: =IF(A12<>"",TEXT(B12,"dddd"),"") | D12: =IF(A12<>"",1,"") | E12: =IF(A12<>"",SUMPRODUCT(($A$2:$A12<>"")*1),"")
A13: =IF(AND(Calendar!E10<>"✓",Calendar!F10<>"",Calendar!E8<>""),Calendar!F10,"") | B13: =IF(A13<>"",DATE(Calendar!$E$4,Calendar!$C$4,Calendar!E8),"") | C13: =IF(A13<>"",TEXT(B13,"dddd"),"") | D13: =IF(A13<>"",1,"") | E13: =IF(A13<>"",SUMPRODUCT(($A$2:$A13<>"")*1),"")
A14: =IF(AND(Calendar!E11<>"✓",Calendar!F11<>"",Calendar!E8<>""),Calendar!F11,"") | B14: =IF(A14<>"",DATE(Calendar!$E$4,Calendar!$C$4,Calendar!E8),"") | C14: =IF(A14<>"",TEXT(B14,"dddd"),"") | D14: =IF(A14<>"",1,"") | E14: =IF(A14<>"",SUMPRODUCT(($A$2:$A14<>"")*1),"")
A15: =IF(AND(Calendar!E12<>"✓",Calendar!F12<>"",Calendar!E8<>""),Calendar!F12,"") | B15: =IF(A15<>"",DATE(Calendar!$E$4,Calendar!$C$4,Calendar!E8),"") | C15: =IF(A15<>"",TEXT(B15,"dddd"),"") | D15: =IF(A15<>"",1,"") | E15: =IF(A15<>"",SUMPRODUCT(($A$2:$A15<>"")*1),"")
A16: =IF(AND(Calendar!E13<>"✓",Calendar!F13<>"",Calendar!E8<>""),Calendar!F13,"") | B16: =IF(A16<>"",DATE(Calendar!$E$4,Calendar!$C$4,Calendar!E8),"") | C16: =IF(A16<>"",TEXT(B16,"dddd"),"") | D16: =IF(A16<>"",1,"") | E16: =IF(A16<>"",SUMPRODUCT(($A$2:$A16<>"")*1),"")
A17: =IF(AND(Calendar!G9<>"✓",Calendar!H9<>"",Calendar!G8<>""),Calendar!H9,"") | B17: =IF(A17<>"",DATE(Calendar!$E$4,Calendar!$C$4,Calendar!G8),"") | C17: =IF(A17<>"",TEXT(B17,"dddd"),"") | D17: =IF(A17<>"",1,"") | E17: =IF(A17<>"",SUMPRODUCT(($A$2:$A17<>"")*1),"")
A18: =IF(AND(Calendar!G10<>"✓",Calendar!H10<>"",Calendar!G8<>""),Calendar!H10,"") | B18: =IF(A18<>"",DATE(Calendar!$E$4,Calendar!$C$4,Calendar!G8),"") | C18: =IF(A18<>"",TEXT(B18,"dddd"),"") | D18: =IF(A18<>"",1,"") | E18: =IF(A18<>"",SUMPRODUCT(($A$2:$A18<>"")*1),"")
A19: =IF(AND(Calendar!G11<>"✓",Calendar!H11<>"",Calendar!G8<>""),Calendar!H11,"") | B19: =IF(A19<>"",DATE(Calendar!$E$4,Calendar!$C$4,Calendar!G8),"") | C19: =IF(A19<>"",TEXT(B19,"dddd"),"") | D19: =IF(A19<>"",1,"") | E19: =IF(A19<>"",SUMPRODUCT(($A$2:$A19<>"")*1),"")
A20: =IF(AND(Calendar!G12<>"✓",Calendar!H12<>"",Calendar!G8<>""),Calendar!H12,"") | B20: =IF(A20<>"",DATE(Calendar!$E$4,Calendar!$C$4,Calendar!G8),"") | C20: =IF(A20<>"",TEXT(B20,"dddd"),"") | D20: =IF(A20<>"",1,"") | E20: =IF(A20<>"",SUMPRODUCT(($A$2:$A20<>"")*1),"")
A21: =IF(AND(Calendar!G13<>"✓",Calendar!H13<>"",Calendar!G8<>""),Calendar!H13,"") | B21: =IF(A21<>"",DATE(Calendar!$E$4,Calendar!$C$4,Calendar!G8),"") | C21: =IF(A21<>"",TEXT(B21,"dddd"),"") | D21: =IF(A21<>"",1,"") | E21: =IF(A21<>"",SUMPRODUCT(($A$2:$A21<>"")*1),"")
A22: =IF(AND(Calendar!I9<>"✓",Calendar!J9<>"",Calendar!I8<>""),Calendar!J9,"") -> Sprint planning | B22: =IF(A22<>"",DATE(Calendar!$E$4,Calendar!$C$4,Calendar!I8),"") -> 46023 | C22: =IF(A22<>"",TEXT(B22,"dddd"),"") -> Thursday | D22: =IF(A22<>"",1,"") -> 1 | E22: =IF(A22<>"",SUMPRODUCT(($A$2:$A22<>"")*1),"") -> 1
A23: =IF(AND(Calendar!I10<>"✓",Calendar!J10<>"",Calendar!I8<>""),Calendar!J10,"") | B23: =IF(A23<>"",DATE(Calendar!$E$4,Calendar!$C$4,Calendar!I8),"") | C23: =IF(A23<>"",TEXT(B23,"dddd"),"") | D23: =IF(A23<>"",1,"") | E23: =IF(A23<>"",SUMPRODUCT(($A$2:$A23<>"")*1),"")
A24: =IF(AND(Calendar!I11<>"✓",Calendar!J11<>"",Calendar!I8<>""),Calendar!J11,"") | B24: =IF(A24<>"",DATE(Calendar!$E$4,Calendar!$C$4,Calendar!I8),"") | C24: =IF(A24<>"",TEXT(B24,"dddd"),"") | D24: =IF(A24<>"",1,"") | E24: =IF(A24<>"",SUMPRODUCT(($A$2:$A24<>"")*1),"")
A25: =IF(AND(Calendar!I12<>"✓",Calendar!J12<>"",Calendar!I8<>""),Calendar!J12,"") | B25: =IF(A25<>"",DATE(Calendar!$E$4,Calendar!$C$4,Calendar!I8),"") | C25: =IF(A25<>"",TEXT(B25,"dddd"),"") | D25: =IF(A25<>"",1,"") | E25: =IF(A25<>"",SUMPRODUCT(($A$2:$A25<>"")*1),"")
A26: =IF(AND(Calendar!I13<>"✓",Calendar!J13<>"",Calendar!I8<>""),Calendar!J13,"") | B26: =IF(A26<>"",DATE(Calendar!$E$4,Calendar!$C$4,Calendar!I8),"") | C26: =IF(A26<>"",TEXT(B26,"dddd"),"") | D26: =IF(A26<>"",1,"") | E26: =IF(A26<>"",SUMPRODUCT(($A$2:$A26<>"")*1),"")
A27: =IF(AND(Calendar!K9<>"✓",Calendar!L9<>"",Calendar!K8<>""),Calendar!L9,"") | B27: =IF(A27<>"",DATE(Calendar!$E$4,Calendar!$C$4,Calendar!K8),"") | C27: =IF(A27<>"",TEXT(B27,"dddd"),"") | D27: =IF(A27<>"",1,"") | E27: =IF(A27<>"",SUMPRODUCT(($A$2:$A27<>"")*1),"")
A28: =IF(AND(Calendar!K10<>"✓",Calendar!L10<>"",Calendar!K8<>""),Calendar!L10,"") | B28: =IF(A28<>"",DATE(Calendar!$E$4,Calendar!$C$4,Calendar!K8),"") | C28: =IF(A28<>"",TEXT(B28,"dddd"),"") | D28: =IF(A28<>"",1,"") | E28: =IF(A28<>"",SUMPRODUCT(($A$2:$A28<>"")*1),"")
A29: =IF(AND(Calendar!K11<>"✓",Calendar!L11<>"",Calendar!K8<>""),Calendar!L11,"") | B29: =IF(A29<>"",DATE(Calendar!$E$4,Calendar!$C$4,Calendar!K8),"") | C29: =IF(A29<>"",TEXT(B29,"dddd"),"") | D29: =IF(A29<>"",1,"") | E29: =IF(A29<>"",SUMPRODUCT(($A$2:$A29<>"")*1),"")
A30: =IF(AND(Calendar!K12<>"✓",Calendar!L12<>"",Calendar!K8<>""),Calendar!L12,"") | B30: =IF(A30<>"",DATE(Calendar!$E$4,Calendar!$C$4,Calendar!K8),"") | C30: =IF(A30<>"",TEXT(B30,"dddd"),"") | D30: =IF(A30<>"",1,"") | E30: =IF(A30<>"",SUMPRODUCT(($A$2:$A30<>"")*1),"")
A31: =IF(AND(Calendar!K13<>"✓",Calendar!L13<>"",Calendar!K8<>""),Calendar!L13,"") | B31: =IF(A31<>"",DATE(Calendar!$E$4,Calendar!$C$4,Calendar!K8),"") | C31: =IF(A31<>"",TEXT(B31,"dddd"),"") | D31: =IF(A31<>"",1,"") | E31: =IF(A31<>"",SUMPRODUCT(($A$2:$A31<>"")*1),"")
A32: =IF(AND(Calendar!M9<>"✓",Calendar!N9<>"",Calendar!M8<>""),Calendar!N9,"") | B32: =IF(A32<>"",DATE(Calendar!$E$4,Calendar!$C$4,Calendar!M8),"") | C32: =IF(A32<>"",TEXT(B32,"dddd"),"") | D32: =IF(A32<>"",1,"") | E32: =IF(A32<>"",SUMPRODUCT(($A$2:$A32<>"")*1),"")
A33: =IF(AND(Calendar!M10<>"✓",Calendar!N10<>"",Calendar!M8<>""),Calendar!N10,"") | B33: =IF(A33<>"",DATE(Calendar!$E$4,Calendar!$C$4,Calendar!M8),"") | C33: =IF(A33<>"",TEXT(B33,"dddd"),"") | D33: =IF(A33<>"",1,"") | E33: =IF(A33<>"",SUMPRODUCT(($A$2:$A33<>"")*1),"")
A34: =IF(AND(Calendar!M11<>"✓",Calendar!N11<>"",Calendar!M8<>""),Calendar!N11,"") | B34: =IF(A34<>"",DATE(Calendar!$E$4,Calendar!$C$4,Calendar!M8),"") | C34: =IF(A34<>"",TEXT(B34,"dddd"),"") | D34: =IF(A34<>"",1,"") | E34: =IF(A34<>"",SUMPRODUCT(($A$2:$A34<>"")*1),"")
A35: =IF(AND(Calendar!M12<>"✓",Calendar!N12<>"",Calendar!M8<>""),Calendar!N12,"") | B35: =IF(A35<>"",DATE(Calendar!$E$4,Calendar!$C$4,Calendar!M8),"") | C35: =IF(A35<>"",TEXT(B35,"dddd"),"") | D35: =IF(A35<>"",1,"") | E35: =IF(A35<>"",SUMPRODUCT(($A$2:$A35<>"")*1),"")
A36: =IF(AND(Calendar!M13<>"✓",Calendar!N13<>"",Calendar!M8<>""),Calendar!N13,"") | B36: =IF(A36<>"",DATE(Calendar!$E$4,Calendar!$C$4,Calendar!M8),"") | C36: =IF(A36<>"",TEXT(B36,"dddd"),"") | D36: =IF(A36<>"",1,"") | E36: =IF(A36<>"",SUMPRODUCT(($A$2:$A36<>"")*1),"")
A37: =IF(AND(Calendar!A15<>"✓",Calendar!B15<>"",Calendar!A14<>""),Calendar!B15,"") | B37: =IF(A37<>"",DATE(Calendar!$E$4,Calendar!$C$4,Calendar!A14),"") | C37: =IF(A37<>"",TEXT(B37,"dddd"),"") | D37: =IF(A37<>"",2,"") | E37: =IF(A37<>"",SUMPRODUCT(($A$2:$A37<>"")*1),"")
A38: =IF(AND(Calendar!A16<>"✓",Calendar!B16<>"",Calendar!A14<>""),Calendar!B16,"") | B38: =IF(A38<>"",DATE(Calendar!$E$4,Calendar!$C$4,Calendar!A14),"") | C38: =IF(A38<>"",TEXT(B38,"dddd"),"") | D38: =IF(A38<>"",2,"") | E38: =IF(A38<>"",SUMPRODUCT(($A$2:$A38<>"")*1),"")
A39: =IF(AND(Calendar!A17<>"✓",Calendar!B17<>"",Calendar!A14<>""),Calendar!B17,"") | B39: =IF(A39<>"",DATE(Calendar!$E$4,Calendar!$C$4,Calendar!A14),"") | C39: =IF(A39<>"",TEXT(B39,"dddd"),"") | D39: =IF(A39<>"",2,"") | E39: =IF(A39<>"",SUMPRODUCT(($A$2:$A39<>"")*1),"")
A40: =IF(AND(Calendar!A18<>"✓",Calendar!B18<>"",Calendar!A14<>""),Calendar!B18,"") | B40: =IF(A40<>"",DATE(Calendar!$E$4,Calendar!$C$4,Calendar!A14),"") | C40: =IF(A40<>"",TEXT(B40,"dddd"),"") | D40: =IF(A40<>"",2,"") | E40: =IF(A40<>"",SUMPRODUCT(($A$2:$A40<>"")*1),"")
A41: =IF(AND(Calendar!A19<>"✓",Calendar!B19<>"",Calendar!A14<>""),Calendar!B19,"") | B41: =IF(A41<>"",DATE(Calendar!$E$4,Calendar!$C$4,Calendar!A14),"") | C41: =IF(A41<>"",TEXT(B41,"dddd"),"") | D41: =IF(A41<>"",2,"") | E41: =IF(A41<>"",SUMPRODUCT(($A$2:$A41<>"")*1),"")
A42: =IF(AND(Calendar!C15<>"✓",Calendar!D15<>"",Calendar!C14<>""),Calendar!D15,"") -> Process mining workshop | B42: =IF(A42<>"",DATE(Calendar!$E$4,Calendar!$C$4,Calendar!C14),"") -> 46027 | C42: =IF(A42<>"",TEXT(B42,"dddd"),"") -> Monday | D42: =IF(A42<>"",2,"") -> 2 | E42: =IF(A42<>"",SUMPRODUCT(($A$2:$A42<>"")*1),"") -> 2
A43: =IF(AND(Calendar!C16<>"✓",Calendar!D16<>"",Calendar!C14<>""),Calendar!D16,"") -> Data extraction | B43: =IF(A43<>"",DATE(Calendar!$E$4,Calendar!$C$4,Calendar!C14),"") -> 46027 | C43: =IF(A43<>"",TEXT(B43,"dddd"),"") -> Monday | D43: =IF(A43<>"",2,"") -> 2 | E43: =IF(A43<>"",SUMPRODUCT(($A$2:$A43<>"")*1),"") -> 3
A44: =IF(AND(Calendar!C17<>"✓",Calendar!D17<>"",Calendar!C14<>""),Calendar!D17,"") | B44: =IF(A44<>"",DATE(Calendar!$E$4,Calendar!$C$4,Calendar!C14),"") | C44: =IF(A44<>"",TEXT(B44,"dddd"),"") | D44: =IF(A44<>"",2,"") | E44: =IF(A44<>"",SUMPRODUCT(($A$2:$A44<>"")*1),"")
A45: =IF(AND(Calendar!C18<>"✓",Calendar!D18<>"",Calendar!C14<>""),Calendar!D18,"") | B45: =IF(A45<>"",DATE(Calendar!$E$4,Calendar!$C$4,Calendar!C14),"") | C45: =IF(A45<>"",TEXT(B45,"dddd"),"") | D45: =IF(A45<>"",2,"") | E45: =IF(A45<>"",SUMPRODUCT(($A$2:$A45<>"")*1),"")
A46: =IF(AND(Calendar!C19<>"✓",Calendar!D19<>"",Calendar!C14<>""),Calendar!D19,"") | B46: =IF(A46<>"",DATE(Calendar!$E$4,Calendar!$C$4,Calendar!C14),"") | C46: =IF(A46<>"",TEXT(B46,"dddd"),"") | D46: =IF(A46<>"",2,"") | E46: =IF(A46<>"",SUMPRODUCT(($A$2:$A46<>"")*1),"")
A47: =IF(AND(Calendar!E15<>"✓",Calendar!F15<>"",Calendar!E14<>""),Calendar!F15,"") | B47: =IF(A47<>"",DATE(Calendar!$E$4,Calendar!$C$4,Calendar!E14),"") | C47: =IF(A47<>"",TEXT(B47,"dddd"),"") | D47: =IF(A47<>"",2,"") | E47: =IF(A47<>"",SUMPRODUCT(($A$2:$A47<>"")*1),"")
A48: =IF(AND(Calendar!E16<>"✓",Calendar!F16<>"",Calendar!E14<>""),Calendar!F16,"") | B48: =IF(A48<>"",DATE(Calendar!$E$4,Calendar!$C$4,Calendar!E14),"") | C48: =IF(A48<>"",TEXT(B48,"dddd"),"") | D48: =IF(A48<>"",2,"") | E48: =IF(A48<>"",SUMPRODUCT(($A$2:$A48<>"")*1),"")
A49: =IF(AND(Calendar!E17<>"✓",Calendar!F17<>"",Calendar!E14<>""),Calendar!F17,"") | B49: =IF(A49<>"",DATE(Calendar!$E$4,Calendar!$C$4,Calendar!E14),"") | C49: =IF(A49<>"",TEXT(B49,"dddd"),"") | D49: =IF(A49<>"",2,"") | E49: =IF(A49<>"",SUMPRODUCT(($A$2:$A49<>"")*1),"")
A50: =IF(AND(Calendar!E18<>"✓",Calendar!F18<>"",Calendar!E14<>""),Calendar!F18,"") | B50: =IF(A50<>"",DATE(Calendar!$E$4,Calendar!$C$4,Calendar!E14),"") | C50: =IF(A50<>"",TEXT(B50,"dddd"),"") | D50: =IF(A50<>"",2,"") | E50: =IF(A50<>"",SUMPRODUCT(($A$2:$A50<>"")*1),"")
A51: =IF(AND(Calendar!E19<>"✓",Calendar!F19<>"",Calendar!E14<>""),Calendar!F19,"") | B51: =IF(A51<>"",DATE(Calendar!$E$4,Calendar!$C$4,Calendar!E14),"") | C51: =IF(A51<>"",TEXT(B51,"dddd"),"") | D51: =IF(A51<>"",2,"") | E51: =IF(A51<>"",SUMPRODUCT(($A$2:$A51<>"")*1),"")
A52: =IF(AND(Calendar!G15<>"✓",Calendar!H15<>"",Calendar!G14<>""),Calendar!H15,"") -> Client presentation | B52: =IF(A52<>"",DATE(Calendar!$E$4,Calendar!$C$4,Calendar!G14),"") -> 46029 | C52: =IF(A52<>"",TEXT(B52,"dddd"),"") -> Wednesday | D52: =IF(A52<>"",2,"") -> 2 | E52: =IF(A52<>"",SUMPRODUCT(($A$2:$A52<>"")*1),"") -> 4
A53: =IF(AND(Calendar!G16<>"✓",Calendar!H16<>"",Calendar!G14<>""),Calendar!H16,"") | B53: =IF(A53<>"",DATE(Calendar!$E$4,Calendar!$C$4,Calendar!G14),"") | C53: =IF(A53<>"",TEXT(B53,"dddd"),"") | D53: =IF(A53<>"",2,"") | E53: =IF(A53<>"",SUMPRODUCT(($A$2:$A53<>"")*1),"")
A54: =IF(AND(Calendar!G17<>"✓",Calendar!H17<>"",Calendar!G14<>""),Calendar!H17,"") | B54: =IF(A54<>"",DATE(Calendar!$E$4,Calendar!$C$4,Calendar!G14),"") | C54: =IF(A54<>"",TEXT(B54,"dddd"),"") | D54: =IF(A54<>"",2,"") | E54: =IF(A54<>"",SUMPRODUCT(($A$2:$A54<>"")*1),"")
A55: =IF(AND(Calendar!G18<>"✓",Calendar!H18<>"",Calendar!G14<>""),Calendar!H18,"") | B55: =IF(A55<>"",DATE(Calendar!$E$4,Calendar!$C$4,Calendar!G14),"") | C55: =IF(A55<>"",TEXT(B55,"dddd"),"") | D55: =IF(A55<>"",2,"") | E55: =IF(A55<>"",SUMPRODUCT(($A$2:$A55<>"")*1),"")
A56: =IF(AND(Calendar!G19<>"✓",Calendar!H19<>"",Calendar!G14<>""),Calendar!H19,"") | B56: =IF(A56<>"",DATE(Calendar!$E$4,Calendar!$C$4,Calendar!G14),"") | C56: =IF(A56<>"",TEXT(B56,"dddd"),"") | D56: =IF(A56<>"",2,"") | E56: =IF(A56<>"",SUMPRODUCT(($A$2:$A56<>"")*1),"")
A57: =IF(AND(Calendar!I15<>"✓",Calendar!J15<>"",Calendar!I14<>""),Calendar!J15,"") -> Documentation update | B57: =IF(A57<>"",DATE(Calendar!$E$4,Calendar!$C$4,Calendar!I14),"") -> 46030 | C57: =IF(A57<>"",TEXT(B57,"dddd"),"") -> Thursday | D57: =IF(A57<>"",2,"") -> 2 | E57: =IF(A57<>"",SUMPRODUCT(($A$2:$A57<>"")*1),"") -> 5
A58: =IF(AND(Calendar!I16<>"✓",Calendar!J16<>"",Calendar!I14<>""),Calendar!J16,"") | B58: =IF(A58<>"",DATE(Calendar!$E$4,Calendar!$C$4,Calendar!I14),"") | C58: =IF(A58<>"",TEXT(B58,"dddd"),"") | D58: =IF(A58<>"",2,"") | E58: =IF(A58<>"",SUMPRODUCT(($A$2:$A58<>"")*1),"")
A59: =IF(AND(Calendar!I17<>"✓",Calendar!J17<>"",Calendar!I14<>""),Calendar!J17,"") | B59: =IF(A59<>"",DATE(Calendar!$E$4,Calendar!$C$4,Calendar!I14),"") | C59: =IF(A59<>"",TEXT(B59,"dddd"),"") | D59: =IF(A59<>"",2,"") | E59: =IF(A59<>"",SUMPRODUCT(($A$2:$A59<>"")*1),"")
A60: =IF(AND(Calendar!I18<>"✓",Calendar!J18<>"",Calendar!I14<>""),Calendar!J18,"") | B60: =IF(A60<>"",DATE(Calendar!$E$4,Calendar!$C$4,Calendar!I14),"") | C60: =IF(A60<>"",TEXT(B60,"dddd"),"") | D60: =IF(A60<>"",2,"") | E60: =IF(A60<>"",SUMPRODUCT(($A$2:$A60<>"")*1),"")
A61: =IF(AND(Calendar!I19<>"✓",Calendar!J19<>"",Calendar!I14<>""),Calendar!J19,"") | B61: =IF(A61<>"",DATE(Calendar!$E$4,Calendar!$C$4,Calendar!I14),"") | C61: =IF(A61<>"",TEXT(B61,"dddd"),"") | D61: =IF(A61<>"",2,"") | E61: =IF(A61<>"",SUMPRODUCT(($A$2:$A61<>"")*1),"")
A62: =IF(AND(Calendar!K15<>"✓",Calendar!L15<>"",Calendar!K14<>""),Calendar!L15,"") | B62: =IF(A62<>"",DATE(Calendar!$E$4,Calendar!$C$4,Calendar!K14),"") | C62: =IF(A62<>"",TEXT(B62,"dddd"),"") | D62: =IF(A62<>"",2,"") | E62: =IF(A62<>"",SUMPRODUCT(($A$2:$A62<>"")*1),"")
A63: =IF(AND(Calendar!K16<>"✓",Calendar!L16<>"",Calendar!K14<>""),Calendar!L16,"") | B63: =IF(A63<>"",DATE(Calendar!$E$4,Calendar!$C$4,Calendar!K14),"") | C63: =IF(A63<>"",TEXT(B63,"dddd"),"") | D63: =IF(A63<>"",2,"") | E63: =IF(A63<>"",SUMPRODUCT(($A$2:$A63<>"")*1),"")
A64: =IF(AND(Calendar!K17<>"✓",Calendar!L17<>"",Calendar!K14<>""),Calendar!L17,"") | B64: =IF(A64<>"",DATE(Calendar!$E$4,Calendar!$C$4,Calendar!K14),"") | C64: =IF(A64<>"",TEXT(B64,"dddd"),"") | D64: =IF(A64<>"",2,"") | E64: =IF(A64<>"",SUMPRODUCT(($A$2:$A64<>"")*1),"")
A65: =IF(AND(Calendar!K18<>"✓",Calendar!L18<>"",Calendar!K14<>""),Calendar!L18,"") | B65: =IF(A65<>"",DATE(Calendar!$E$4,Calendar!$C$4,Calendar!K14),"") | C65: =IF(A65<>"",TEXT(B65,"dddd"),"") | D65: =IF(A65<>"",2,"") | E65: =IF(A65<>"",SUMPRODUCT(($A$2:$A65<>"")*1),"")
A66: =IF(AND(Calendar!K19<>"✓",Calendar!L19<>"",Calendar!K14<>""),Calendar!L19,"") | B66: =IF(A66<>"",DATE(Calendar!$E$4,Calendar!$C$4,Calendar!K14),"") | C66: =IF(A66<>"",TEXT(B66,"dddd"),"") | D66: =IF(A66<>"",2,"") | E66: =IF(A66<>"",SUMPRODUCT(($A$2:$A66<>"")*1),"")
A67: =IF(AND(Calendar!M15<>"✓",Calendar!N15<>"",Calendar!M14<>""),Calendar!N15,"") | B67: =IF(A67<>"",DATE(Calendar!$E$4,Calendar!$C$4,Calendar!M14),"") | C67: =IF(A67<>"",TEXT(B67,"dddd"),"") | D67: =IF(A67<>"",2,"") | E67: =IF(A67<>"",SUMPRODUCT(($A$2:$A67<>"")*1),"")
A68: =IF(AND(Calendar!M16<>"✓",Calendar!N16<>"",Calendar!M14<>""),Calendar!N16,"") | B68: =IF(A68<>"",DATE(Calendar!$E$4,Calendar!$C$4,Calendar!M14),"") | C68: =IF(A68<>"",TEXT(B68,"dddd"),"") | D68: =IF(A68<>"",2,"") | E68: =IF(A68<>"",SUMPRODUCT(($A$2:$A68<>"")*1),"")
A69: =IF(AND(Calendar!M17<>"✓",Calendar!N17<>"",Calendar!M14<>""),Calendar!N17,"") | B69: =IF(A69<>"",DATE(Calendar!$E$4,Calendar!$C$4,Calendar!M14),"") | C69: =IF(A69<>"",TEXT(B69,"dddd"),"") | D69: =IF(A69<>"",2,"") | E69: =IF(A69<>"",SUMPRODUCT(($A$2:$A69<>"")*1),"")
A70: =IF(AND(Calendar!M18<>"✓",Calendar!N18<>"",Calendar!M14<>""),Calendar!N18,"") | B70: =IF(A70<>"",DATE(Calendar!$E$4,Calendar!$C$4,Calendar!M14),"") | C70: =IF(A70<>"",TEXT(B70,"dddd"),"") | D70: =IF(A70<>"",2,"") | E70: =IF(A70<>"",SUMPRODUCT(($A$2:$A70<>"")*1),"")
A71: =IF(AND(Calendar!M19<>"✓",Calendar!N19<>"",Calendar!M14<>""),Calendar!N19,"") | B71: =IF(A71<>"",DATE(Calendar!$E$4,Calendar!$C$4,Calendar!M14),"") | C71: =IF(A71<>"",TEXT(B71,"dddd"),"") | D71: =IF(A71<>"",2,"") | E71: =IF(A71<>"",SUMPRODUCT(($A$2:$A71<>"")*1),"")
A72: =IF(AND(Calendar!A21<>"✓",Calendar!B21<>"",Calendar!A20<>""),Calendar!B21,"") -> Weekly report | B72: =IF(A72<>"",DATE(Calendar!$E$4,Calendar!$C$4,Calendar!A20),"") -> 46033 | C72: =IF(A72<>"",TEXT(B72,"dddd"),"") -> Sunday | D72: =IF(A72<>"",3,"") -> 3 | E72: =IF(A72<>"",SUMPRODUCT(($A$2:$A72<>"")*1),"") -> 6
A73: =IF(AND(Calendar!A22<>"✓",Calendar!B22<>"",Calendar!A20<>""),Calendar!B22,"") | B73: =IF(A73<>"",DATE(Calendar!$E$4,Calendar!$C$4,Calendar!A20),"") | C73: =IF(A73<>"",TEXT(B73,"dddd"),"") | D73: =IF(A73<>"",3,"") | E73: =IF(A73<>"",SUMPRODUCT(($A$2:$A73<>"")*1),"")
A74: =IF(AND(Calendar!A23<>"✓",Calendar!B23<>"",Calendar!A20<>""),Calendar!B23,"") | B74: =IF(A74<>"",DATE(Calendar!$E$4,Calendar!$C$4,Calendar!A20),"") | C74: =IF(A74<>"",TEXT(B74,"dddd"),"") | D74: =IF(A74<>"",3,"") | E74: =IF(A74<>"",SUMPRODUCT(($A$2:$A74<>"")*1),"")
A75: =IF(AND(Calendar!A24<>"✓",Calendar!B24<>"",Calendar!A20<>""),Calendar!B24,"") | B75: =IF(A75<>"",DATE(Calendar!$E$4,Calendar!$C$4,Calendar!A20),"") | C75: =IF(A75<>"",TEXT(B75,"dddd"),"") | D75: =IF(A75<>"",3,"") | E75: =IF(A75<>"",SUMPRODUCT(($A$2:$A75<>"")*1),"")
A76: =IF(AND(Calendar!A25<>"✓",Calendar!B25<>"",Calendar!A20<>""),Calendar!B25,"") | B76: =IF(A76<>"",DATE(Calendar!$E$4,Calendar!$C$4,Calendar!A20),"") | C76: =IF(A76<>"",TEXT(B76,"dddd"),"") | D76: =IF(A76<>"",3,"") | E76: =IF(A76<>"",SUMPRODUCT(($A$2:$A76<>"")*1),"")
A77: =IF(AND(Calendar!C21<>"✓",Calendar!D21<>"",Calendar!C20<>""),Calendar!D21,"") -> Code refactoring | B77: =IF(A77<>"",DATE(Calendar!$E$4,Calendar!$C$4,Calendar!C20),"") -> 46034 | C77: =IF(A77<>"",TEXT(B77,"dddd"),"") -> Monday | D77: =IF(A77<>"",3,"") -> 3 | E77: =IF(A77<>"",SUMPRODUCT(($A$2:$A77<>"")*1),"") -> 7
A78: =IF(AND(Calendar!C22<>"✓",Calendar!D22<>"",Calendar!C20<>""),Calendar!D22,"") | B78: =IF(A78<>"",DATE(Calendar!$E$4,Calendar!$C$4,Calendar!C20),"") | C78: =IF(A78<>"",TEXT(B78,"dddd"),"") | D78: =IF(A78<>"",3,"") | E78: =IF(A78<>"",SUMPRODUCT(($A$2:$A78<>"")*1),"")
A79: =IF(AND(Calendar!C23<>"✓",Calendar!D23<>"",Calendar!C20<>""),Calendar!D23,"") | B79: =IF(A79<>"",DATE(Calendar!$E$4,Calendar!$C$4,Calendar!C20),"") | C79: =IF(A79<>"",TEXT(B79,"dddd"),"") | D79: =IF(A79<>"",3,"") | E79: =IF(A79<>"",SUMPRODUCT(($A$2:$A79<>"")*1),"")
A80: =IF(AND(Calendar!C24<>"✓",Calendar!D24<>"",Calendar!C20<>""),Calendar!D24,"") | B80: =IF(A80<>"",DATE(Calendar!$E$4,Calendar!$C$4,Calendar!C20),"") | C80: =IF(A80<>"",TEXT(B80,"dddd"),"") | D80: =IF(A80<>"",3,"") | E80: =IF(A80<>"",SUMPRODUCT(($A$2:$A80<>"")*1),"")
A81: =IF(AND(Calendar!C25<>"✓",Calendar!D25<>"",Calendar!C20<>""),Calendar!D25,"") | B81: =IF(A81<>"",DATE(Calendar!$E$4,Calendar!$C$4,Calendar!C20),"") | C81: =IF(A81<>"",TEXT(B81,"dddd"),"") | D81: =IF(A81<>"",3,"") | E81: =IF(A81<>"",SUMPRODUCT(($A$2:$A81<>"")*1),"")
A82: =IF(AND(Calendar!E21<>"✓",Calendar!F21<>"",Calendar!E20<>""),Calendar!F21,"") -> Testing session | B82: =IF(A82<>"",DATE(Calendar!$E$4,Calendar!$C$4,Calendar!E20),"") -> 46035 | C82: =IF(A82<>"",TEXT(B82,"dddd"),"") -> Tuesday | D82: =IF(A82<>"",3,"") -> 3 | E82: =IF(A82<>"",SUMPRODUCT(($A$2:$A82<>"")*1),"") -> 8
A83: =IF(AND(Calendar!E22<>"✓",Calendar!F22<>"",Calendar!E20<>""),Calendar!F22,"") | B83: =IF(A83<>"",DATE(Calendar!$E$4,Calendar!$C$4,Calendar!E20),"") | C83: =IF(A83<>"",TEXT(B83,"dddd"),"") | D83: =IF(A83<>"",3,"") | E83: =IF(A83<>"",SUMPRODUCT(($A$2:$A83<>"")*1),"")
A84: =IF(AND(Calendar!E23<>"✓",Calendar!F23<>"",Calendar!E20<>""),Calendar!F23,"") | B84: =IF(A84<>"",DATE(Calendar!$E$4,Calendar!$C$4,Calendar!E20),"") | C84: =IF(A84<>"",TEXT(B84,"dddd"),"") | D84: =IF(A84<>"",3,"") | E84: =IF(A84<>"",SUMPRODUCT(($A$2:$A84<>"")*1),"")
A85: =IF(AND(Calendar!E24<>"✓",Calendar!F24<>"",Calendar!E20<>""),Calendar!F24,"") | B85: =IF(A85<>"",DATE(Calendar!$E$4,Calendar!$C$4,Calendar!E20),"") | C85: =IF(A85<>"",TEXT(B85,"dddd"),"") | D85: =IF(A85<>"",3,"") | E85: =IF(A85<>"",SUMPRODUCT(($A$2:$A85<>"")*1),"")
A86: =IF(AND(Calendar!E25<>"✓",Calendar!F25<>"",Calendar!E20<>""),Calendar!F25,"") | B86: =IF(A86<>"",DATE(Calendar!$E$4,Calendar!$C$4,Calendar!E20),"") | C86: =IF(A86<>"",TEXT(B86,"dddd"),"") | D86: =IF(A86<>"",3,"") | E86: =IF(A86<>"",SUMPRODUCT(($A$2:$A86<>"")*1),"")
A87: =IF(AND(Calendar!G21<>"✓",Calendar!H21<>"",Calendar!G20<>""),Calendar!H21,"") -> Deployment prep | B87: =IF(A87<>"",DATE(Calendar!$E$4,Calendar!$C$4,Calendar!G20),"") -> 46036 | C87: =IF(A87<>"",TEXT(B87,"dddd"),"") -> Wednesday | D87: =IF(A87<>"",3,"") -> 3 | E87: =IF(A87<>"",SUMPRODUCT(($A$2:$A87<>"")*1),"") -> 9
A88: =IF(AND(Calendar!G22<>"✓",Calendar!H22<>"",Calendar!G20<>""),Calendar!H22,"") | B88: =IF(A88<>"",DATE(Calendar!$E$4,Calendar!$C$4,Calendar!G20),"") | C88: =IF(A88<>"",TEXT(B88,"dddd"),"") | D88: =IF(A88<>"",3,"") | E88: =IF(A88<>"",SUMPRODUCT(($A$2:$A88<>"")*1),"")
A89: =IF(AND(Calendar!G23<>"✓",Calendar!H23<>"",Calendar!G20<>""),Calendar!H23,"") | B89: =IF(A89<>"",DATE(Calendar!$E$4,Calendar!$C$4,Calendar!G20),"") | C89: =IF(A89<>"",TEXT(B89,"dddd"),"") | D89: =IF(A89<>"",3,"") | E89: =IF(A89<>"",SUMPRODUCT(($A$2:$A89<>"")*1),"")
A90: =IF(AND(Calendar!G24<>"✓",Calendar!H24<>"",Calendar!G20<>""),Calendar!H24,"") | B90: =IF(A90<>"",DATE(Calendar!$E$4,Calendar!$C$4,Calendar!G20),"") | C90: =IF(A90<>"",TEXT(B90,"dddd"),"") | D90: =IF(A90<>"",3,"") | E90: =IF(A90<>"",SUMPRODUCT(($A$2:$A90<>"")*1),"")
A91: =IF(AND(Calendar!G25<>"✓",Calendar!H25<>"",Calendar!G20<>""),Calendar!H25,"") | B91: =IF(A91<>"",DATE(Calendar!$E$4,Calendar!$C$4,Calendar!G20),"") | C91: =IF(A91<>"",TEXT(B91,"dddd"),"") | D91: =IF(A91<>"",3,"") | E91: =IF(A91<>"",SUMPRODUCT(($A$2:$A91<>"")*1),"")
A92: =IF(AND(Calendar!I21<>"✓",Calendar!J21<>"",Calendar!I20<>""),Calendar!J21,"") | B92: =IF(A92<>"",DATE(Calendar!$E$4,Calendar!$C$4,Calendar!I20),"") | C92: =IF(A92<>"",TEXT(B92,"dddd"),"") | D92: =IF(A92<>"",3,"") | E92: =IF(A92<>"",SUMPRODUCT(($A$2:$A92<>"")*1),"")
A93: =IF(AND(Calendar!I22<>"✓",Calendar!J22<>"",Calendar!I20<>""),Calendar!J22,"") | B93: =IF(A93<>"",DATE(Calendar!$E$4,Calendar!$C$4,Calendar!I20),"") | C93: =IF(A93<>"",TEXT(B93,"dddd"),"") | D93: =IF(A93<>"",3,"") | E93: =IF(A93<>"",SUMPRODUCT(($A$2:$A93<>"")*1),"")
A94: =IF(AND(Calendar!I23<>"✓",Calendar!J23<>"",Calendar!I20<>""),Calendar!J23,"") | B94: =IF(A94<>"",DATE(Calendar!$E$4,Calendar!$C$4,Calendar!I20),"") | C94: =IF(A94<>"",TEXT(B94,"dddd"),"") | D94: =IF(A94<>"",3,"") | E94: =IF(A94<>"",SUMPRODUCT(($A$2:$A94<>"")*1),"")
A95: =IF(AND(Calendar!I24<>"✓",Calendar!J24<>"",Calendar!I20<>""),Calendar!J24,"") | B95: =IF(A95<>"",DATE(Calendar!$E$4,Calendar!$C$4,Calendar!I20),"") | C95: =IF(A95<>"",TEXT(B95,"dddd"),"") | D95: =IF(A95<>"",3,"") | E95: =IF(A95<>"",SUMPRODUCT(($A$2:$A95<>"")*1),"")
A96: =IF(AND(Calendar!I25<>"✓",Calendar!J25<>"",Calendar!I20<>""),Calendar!J25,"") | B96: =IF(A96<>"",DATE(Calendar!$E$4,Calendar!$C$4,Calendar!I20),"") | C96: =IF(A96<>"",TEXT(B96,"dddd"),"") | D96: =IF(A96<>"",3,"") | E96: =IF(A96<>"",SUMPRODUCT(($A$2:$A96<>"")*1),"")
A97: =IF(AND(Calendar!K21<>"✓",Calendar!L21<>"",Calendar!K20<>""),Calendar!L21,"") | B97: =IF(A97<>"",DATE(Calendar!$E$4,Calendar!$C$4,Calendar!K20),"") | C97: =IF(A97<>"",TEXT(B97,"dddd"),"") | D97: =IF(A97<>"",3,"") | E97: =IF(A97<>"",SUMPRODUCT(($A$2:$A97<>"")*1),"")
A98: =IF(AND(Calendar!K22<>"✓",Calendar!L22<>"",Calendar!K20<>""),Calendar!L22,"") | B98: =IF(A98<>"",DATE(Calendar!$E$4,Calendar!$C$4,Calendar!K20),"") | C98: =IF(A98<>"",TEXT(B98,"dddd"),"") | D98: =IF(A98<>"",3,"") | E98: =IF(A98<>"",SUMPRODUCT(($A$2:$A98<>"")*1),"")
A99: =IF(AND(Calendar!K23<>"✓",Calendar!L23<>"",Calendar!K20<>""),Calendar!L23,"") | B99: =IF(A99<>"",DATE(Calendar!$E$4,Calendar!$C$4,Calendar!K20),"") | C99: =IF(A99<>"",TEXT(B99,"dddd"),"") | D99: =IF(A99<>"",3,"") | E99: =IF(A99<>"",SUMPRODUCT(($A$2:$A99<>"")*1),"")
A100: =IF(AND(Calendar!K24<>"✓",Calendar!L24<>"",Calendar!K20<>""),Calendar!L24,"") | B100: =IF(A100<>"",DATE(Calendar!$E$4,Calendar!$C$4,Calendar!K20),"") | C100: =IF(A100<>"",TEXT(B100,"dddd"),"") | D100: =IF(A100<>"",3,"") | E100: =IF(A100<>"",SUMPRODUCT(($A$2:$A100<>"")*1),"")
A101: =IF(AND(Calendar!K25<>"✓",Calendar!L25<>"",Calendar!K20<>""),Calendar!L25,"") | B101: =IF(A101<>"",DATE(Calendar!$E$4,Calendar!$C$4,Calendar!K20),"") | C101: =IF(A101<>"",TEXT(B101,"dddd"),"") | D101: =IF(A101<>"",3,"") | E101: =IF(A101<>"",SUMPRODUCT(($A$2:$A101<>"")*1),"")
...

Sheet Pending Tasks
A1: 📋 PENDING TASKS
A4: ⚡ Auto-updated from Calendar - shows only unchecked tasks | D4: Total Pending: | E4: =SUMPRODUCT((_Helper!A2:A212<>"")*1) -> 9
A6: # | B6: Date | C6: Day | D6: Task | E6: Week
A7: =IFERROR(IF(MATCH(1,_Helper!$E$2:$E$212,0)>0,1,""),"") -> 1 | B7: =IFERROR(INDEX(_Helper!$B$2:$B$212,MATCH(1,_Helper!$E$2:$E$212,0)),"") -> 46023 | C7: =IFERROR(INDEX(_Helper!$C$2:$C$212,MATCH(1,_Helper!$E$2:$E$212,0)),"") -> Thursday | D7: =IFERROR(INDEX(_Helper!$A$2:$A$212,MATCH(1,_Helper!$E$2:$E$212,0)),"") -> Sprint planning | E7: =IFERROR(INDEX(_Helper!$D$2:$D$212,MATCH(1,_Helper!$E$2:$E$212,0)),"") -> 1
A8: =IFERROR(IF(MATCH(2,_Helper!$E$2:$E$212,0)>0,2,""),"") -> 2 | B8: =IFERROR(INDEX(_Helper!$B$2:$B$212,MATCH(2,_Helper!$E$2:$E$212,0)),"") -> 46027 | C8: =IFERROR(INDEX(_Helper!$C$2:$C$212,MATCH(2,_Helper!$E$2:$E$212,0)),"") -> Monday | D8: =IFERROR(INDEX(_Helper!$A$2:$A$212,MATCH(2,_Helper!$E$2:$E$212,0)),"") -> Process mining workshop | E8: =IFERROR(INDEX(_Helper!$D$2:$D$212,MATCH(2,_Helper!$E$2:$E$212,0)),"") -> 2
A9: =IFERROR(IF(MATCH(3,_Helper!$E$2:$E$212,0)>0,3,""),"") -> 3 | B9: =IFERROR(INDEX(_Helper!$B$2:$B$212,MATCH(3,_Helper!$E$2:$E$212,0)),"") -> 46027 | C9: =IFERROR(INDEX(_Helper!$C$2:$C$212,MATCH(3,_Helper!$E$2:$E$212,0)),"") -> Monday | D9: =IFERROR(INDEX(_Helper!$A$2:$A$212,MATCH(3,_Helper!$E$2:$E$212,0)),"") -> Data extraction | E9: =IFERROR(INDEX(_Helper!$D$2:$D$212,MATCH(3,_Helper!$E$2:$E$212,0)),"") -> 2
A10: =IFERROR(IF(MATCH(4,_Helper!$E$2:$E$212,0)>0,4,""),"") -> 4 | B10: =IFERROR(INDEX(_Helper!$B$2:$B$212,MATCH(4,_Helper!$E$2:$E$212,0)),"") -> 46029 | C10: =IFERROR(INDEX(_Helper!$C$2:$C$212,MATCH(4,_Helper!$E$2:$E$212,0)),"") -> Wednesday | D10: =IFERROR(INDEX(_Helper!$A$2:$A$212,MATCH(4,_Helper!$E$2:$E$212,0)),"") -> Client presentation | E10: =IFERROR(INDEX(_Helper!$D$2:$D$212,MATCH(4,_Helper!$E$2:$E$212,0)),"") -> 2
A11: =IFERROR(IF(MATCH(5,_Helper!$E$2:$E$212,0)>0,5,""),"") -> 5 | B11: =IFERROR(INDEX(_Helper!$B$2:$B$212,MATCH(5,_Helper!$E$2:$E$212,0)),"") -> 46030 | C11: =IFERROR(INDEX(_Helper!$C$2:$C$212,MATCH(5,_Helper!$E$2:$E$212,0)),"") -> Thursday | D11: =IFERROR(INDEX(_Helper!$A$2:$A$212,MATCH(5,_Helper!$E$2:$E$212,0)),"") -> Documentation update | E11: =IFERROR(INDEX(_Helper!$D$2:$D$212,MATCH(5,_Helper!$E$2:$E$212,0)),"") -> 2
A12: =IFERROR(IF(MATCH(6,_Helper!$E$2:$E$212,0)>0,6,""),"") -> 6 | B12: =IFERROR(INDEX(_Helper!$B$2:$B$212,MATCH(6,_Helper!$E$2:$E$212,0)),"") -> 46033 | C12: =IFERROR(INDEX(_Helper!$C$2:$C$212,MATCH(6,_Helper!$E$2:$E$212,0)),"") -> Sunday | D12: =IFERROR(INDEX(_Helper!$A$2:$A$212,MATCH(6,_Helper!$E$2:$E$212,0)),"") -> Weekly report | E12: =IFERROR(INDEX(_Helper!$D$2:$D$212,MATCH(6,_Helper!$E$2:$E$212,0)),"") -> 3
A13: =IFERROR(IF(MATCH(7,_Helper!$E$2:$E$212,0)>0,7,""),"") -> 7 | B13: =IFERROR(INDEX(_Helper!$B$2:$B$212,MATCH(7,_Helper!$E$2:$E$212,0)),"") -> 46034 | C13: =IFERROR(INDEX(_Helper!$C$2:$C$212,MATCH(7,_Helper!$E$2:$E$212,0)),"") -> Monday | D13: =IFERROR(INDEX(_Helper!$A$2:$A$212,MATCH(7,_Helper!$E$2:$E$212,0)),"") -> Code refactoring | E13: =IFERROR(INDEX(_Helper!$D$2:$D$212,MATCH(7,_Helper!$E$2:$E$212,0)),"") -> 3
A14: =IFERROR(IF(MATCH(8,_Helper!$E$2:$E$212,0)>0,8,""),"") -> 8 | B14: =IFERROR(INDEX(_Helper!$B$2:$B$212,MATCH(8,_Helper!$E$2:$E$212,0)),"") -> 46035 | C14: =IFERROR(INDEX(_Helper!$C$2:$C$212,MATCH(8,_Helper!$E$2:$E$212,0)),"") -> Tuesday | D14: =IFERROR(INDEX(_Helper!$A$2:$A$212,MATCH(8,_Helper!$E$2:$E$212,0)),"") -> Testing session | E14: =IFERROR(INDEX(_Helper!$D$2:$D$212,MATCH(8,_Helper!$E$2:$E$212,0)),"") -> 3
A15: =IFERROR(IF(MATCH(9,_Helper!$E$2:$E$212,0)>0,9,""),"") -> 9 | B15: =IFERROR(INDEX(_Helper!$B$2:$B$212,MATCH(9,_Helper!$E$2:$E$212,0)),"") -> 46036 | C15: =IFERROR(INDEX(_Helper!$C$2:$C$212,MATCH(9,_Helper!$E$2:$E$212,0)),"") -> Wednesday | D15: =IFERROR(INDEX(_Helper!$A$2:$A$212,MATCH(9,_Helper!$E$2:$E$212,0)),"") -> Deployment prep | E15: =IFERROR(INDEX(_Helper!$D$2:$D$212,MATCH(9,_Helper!$E$2:$E$212,0)),"") -> 3
A16: =IFERROR(IF(MATCH(10,_Helper!$E$2:$E$212,0)>0,10,""),"") | B16: =IFERROR(INDEX(_Helper!$B$2:$B$212,MATCH(10,_Helper!$E$2:$E$212,0)),"") | C16: =IFERROR(INDEX(_Helper!$C$2:$C$212,MATCH(10,_Helper!$E$2:$E$212,0)),"") | D16: =IFERROR(INDEX(_Helper!$A$2:$A$212,MATCH(10,_Helper!$E$2:$E$212,0)),"") | E16: =IFERROR(INDEX(_Helper!$D$2:$D$212,MATCH(10,_Helper!$E$2:$E$212,0)),"")
A17: =IFERROR(IF(MATCH(11,_Helper!$E$2:$E$212,0)>0,11,""),"") | B17: =IFERROR(INDEX(_Helper!$B$2:$B$212,MATCH(11,_Helper!$E$2:$E$212,0)),"") | C17: =IFERROR(INDEX(_Helper!$C$2:$C$212,MATCH(11,_Helper!$E$2:$E$212,0)),"") | D17: =IFERROR(INDEX(_Helper!$A$2:$A$212,MATCH(11,_Helper!$E$2:$E$212,0)),"") | E17: =IFERROR(INDEX(_Helper!$D$2:$D$212,MATCH(11,_Helper!$E$2:$E$212,0)),"")
A18: =IFERROR(IF(MATCH(12,_Helper!$E$2:$E$212,0)>0,12,""),"") | B18: =IFERROR(INDEX(_Helper!$B$2:$B$212,MATCH(12,_Helper!$E$2:$E$212,0)),"") | C18: =IFERROR(INDEX(_Helper!$C$2:$C$212,MATCH(12,_Helper!$E$2:$E$212,0)),"") | D18: =IFERROR(INDEX(_Helper!$A$2:$A$212,MATCH(12,_Helper!$E$2:$E$212,0)),"") | E18: =IFERROR(INDEX(_Helper!$D$2:$D$212,MATCH(12,_Helper!$E$2:$E$212,0)),"")
A19: =IFERROR(IF(MATCH(13,_Helper!$E$2:$E$212,0)>0,13,""),"") | B19: =IFERROR(INDEX(_Helper!$B$2:$B$212,MATCH(13,_Helper!$E$2:$E$212,0)),"") | C19: =IFERROR(INDEX(_Helper!$C$2:$C$212,MATCH(13,_Helper!$E$2:$E$212,0)),"") | D19: =IFERROR(INDEX(_Helper!$A$2:$A$212,MATCH(13,_Helper!$E$2:$E$212,0)),"") | E19: =IFERROR(INDEX(_Helper!$D$2:$D$212,MATCH(13,_Helper!$E$2:$E$212,0)),"")
A20: =IFERROR(IF(MATCH(14,_Helper!$E$2:$E$212,0)>0,14,""),"") | B20: =IFERROR(INDEX(_Helper!$B$2:$B$212,MATCH(14,_Helper!$E$2:$E$212,0)),"") | C20: =IFERROR(INDEX(_Helper!$C$2:$C$212,MATCH(14,_Helper!$E$2:$E$212,0)),"") | D20: =IFERROR(INDEX(_Helper!$A$2:$A$212,MATCH(14,_Helper!$E$2:$E$212,0)),"") | E20: =IFERROR(INDEX(_Helper!$D$2:$D$212,MATCH(14,_Helper!$E$2:$E$212,0)),"")
A21: =IFERROR(IF(MATCH(15,_Helper!$E$2:$E$212,0)>0,15,""),"") | B21: =IFERROR(INDEX(_Helper!$B$2:$B$212,MATCH(15,_Helper!$E$2:$E$212,0)),"") | C21: =IFERROR(INDEX(_Helper!$C$2:$C$212,MATCH(15,_Helper!$E$2:$E$212,0)),"") | D21: =IFERROR(INDEX(_Helper!$A$2:$A$212,MATCH(15,_Helper!$E$2:$E$212,0)),"") | E21: =IFERROR(INDEX(_Helper!$D$2:$D$212,MATCH(15,_Helper!$E$2:$E$212,0)),"")
A22: =IFERROR(IF(MATCH(16,_Helper!$E$2:$E$212,0)>0,16,""),"") | B22: =IFERROR(INDEX(_Helper!$B$2:$B$212,MATCH(16,_Helper!$E$2:$E$212,0)),"") | C22: =IFERROR(INDEX(_Helper!$C$2:$C$212,MATCH(16,_Helper!$E$2:$E$212,0)),"") | D22: =IFERROR(INDEX(_Helper!$A$2:$A$212,MATCH(16,_Helper!$E$2:$E$212,0)),"") | E22: =IFERROR(INDEX(_Helper!$D$2:$D$212,MATCH(16,_Helper!$E$2:$E$212,0)),"")
A23: =IFERROR(IF(MATCH(17,_Helper!$E$2:$E$212,0)>0,17,""),"") | B23: =IFERROR(INDEX(_Helper!$B$2:$B$212,MATCH(17,_Helper!$E$2:$E$212,0)),"") | C23: =IFERROR(INDEX(_Helper!$C$2:$C$212,MATCH(17,_Helper!$E$2:$E$212,0)),"") | D23: =IFERROR(INDEX(_Helper!$A$2:$A$212,MATCH(17,_Helper!$E$2:$E$212,0)),"") | E23: =IFERROR(INDEX(_Helper!$D$2:$D$212,MATCH(17,_Helper!$E$2:$E$212,0)),"")
A24: =IFERROR(IF(MATCH(18,_Helper!$E$2:$E$212,0)>0,18,""),"") | B24: =IFERROR(INDEX(_Helper!$B$2:$B$212,MATCH(18,_Helper!$E$2:$E$212,0)),"") | C24: =IFERROR(INDEX(_Helper!$C$2:$C$212,MATCH(18,_Helper!$E$2:$E$212,0)),"") | D24: =IFERROR(INDEX(_Helper!$A$2:$A$212,MATCH(18,_Helper!$E$2:$E$212,0)),"") | E24: =IFERROR(INDEX(_Helper!$D$2:$D$212,MATCH(18,_Helper!$E$2:$E$212,0)),"")
A25: =IFERROR(IF(MATCH(19,_Helper!$E$2:$E$212,0)>0,19,""),"") | B25: =IFERROR(INDEX(_Helper!$B$2:$B$212,MATCH(19,_Helper!$E$2:$E$212,0)),"") | C25: =IFERROR(INDEX(_Helper!$C$2:$C$212,MATCH(19,_Helper!$E$2:$E$212,0)),"") | D25: =IFERROR(INDEX(_Helper!$A$2:$A$212,MATCH(19,_Helper!$E$2:$E$212,0)),"") | E25: =IFERROR(INDEX(_Helper!$D$2:$D$212,MATCH(19,_Helper!$E$2:$E$212,0)),"")
A26: =IFERROR(IF(MATCH(20,_Helper!$E$2:$E$212,0)>0,20,""),"") | B26: =IFERROR(INDEX(_Helper!$B$2:$B$212,MATCH(20,_Helper!$E$2:$E$212,0)),"") | C26: =IFERROR(INDEX(_Helper!$C$2:$C$212,MATCH(20,_Helper!$E$2:$E$212,0)),"") | D26: =IFERROR(INDEX(_Helper!$A$2:$A$212,MATCH(20,_Helper!$E$2:$E$212,0)),"") | E26: =IFERROR(INDEX(_Helper!$D$2:$D$212,MATCH(20,_Helper!$E$2:$E$212,0)),"")
A27: =IFERROR(IF(MATCH(21,_Helper!$E$2:$E$212,0)>0,21,""),"") | B27: =IFERROR(INDEX(_Helper!$B$2:$B$212,MATCH(21,_Helper!$E$2:$E$212,0)),"") | C27: =IFERROR(INDEX(_Helper!$C$2:$C$212,MATCH(21,_Helper!$E$2:$E$212,0)),"") | D27: =IFERROR(INDEX(_Helper!$A$2:$A$212,MATCH(21,_Helper!$E$2:$E$212,0)),"") | E27: =IFERROR(INDEX(_Helper!$D$2:$D$212,MATCH(21,_Helper!$E$2:$E$212,0)),"")
A28: =IFERROR(IF(MATCH(22,_Helper!$E$2:$E$212,0)>0,22,""),"") | B28: =IFERROR(INDEX(_Helper!$B$2:$B$212,MATCH(22,_Helper!$E$2:$E$212,0)),"") | C28: =IFERROR(INDEX(_Helper!$C$2:$C$212,MATCH(22,_Helper!$E$2:$E$212,0)),"") | D28: =IFERROR(INDEX(_Helper!$A$2:$A$212,MATCH(22,_Helper!$E$2:$E$212,0)),"") | E28: =IFERROR(INDEX(_Helper!$D$2:$D$212,MATCH(22,_Helper!$E$2:$E$212,0)),"")
A29: =IFERROR(IF(MATCH(23,_Helper!$E$2:$E$212,0)>0,23,""),"") | B29: =IFERROR(INDEX(_Helper!$B$2:$B$212,MATCH(23,_Helper!$E$2:$E$212,0)),"") | C29: =IFERROR(INDEX(_Helper!$C$2:$C$212,MATCH(23,_Helper!$E$2:$E$212,0)),"") | D29: =IFERROR(INDEX(_Helper!$A$2:$A$212,MATCH(23,_Helper!$E$2:$E$212,0)),"") | E29: =IFERROR(INDEX(_Helper!$D$2:$D$212,MATCH(23,_Helper!$E$2:$E$212,0)),"")
A30: =IFERROR(IF(MATCH(24,_Helper!$E$2:$E$212,0)>0,24,""),"") | B30: =IFERROR(INDEX(_Helper!$B$2:$B$212,MATCH(24,_Helper!$E$2:$E$212,0)),"") | C30: =IFERROR(INDEX(_Helper!$C$2:$C$212,MATCH(24,_Helper!$E$2:$E$212,0)),"") | D30: =IFERROR(INDEX(_Helper!$A$2:$A$212,MATCH(24,_Helper!$E$2:$E$212,0)),"") | E30: =IFERROR(INDEX(_Helper!$D$2:$D$212,MATCH(24,_Helper!$E$2:$E$212,0)),"")
A31: =IFERROR(IF(MATCH(25,_Helper!$E$2:$E$212,0)>0,25,""),"") | B31: =IFERROR(INDEX(_Helper!$B$2:$B$212,MATCH(25,_Helper!$E$2:$E$212,0)),"") | C31: =IFERROR(INDEX(_Helper!$C$2:$C$212,MATCH(25,_Helper!$E$2:$E$212,0)),"") | D31: =IFERROR(INDEX(_Helper!$A$2:$A$212,MATCH(25,_Helper!$E$2:$E$212,0)),"") | E31: =IFERROR(INDEX(_Helper!$D$2:$D$212,MATCH(25,_Helper!$E$2:$E$212,0)),"")
A32: =IFERROR(IF(MATCH(26,_Helper!$E$2:$E$212,0)>0,26,""),"") | B32: =IFERROR(INDEX(_Helper!$B$2:$B$212,MATCH(26,_Helper!$E$2:$E$212,0)),"") | C32: =IFERROR(INDEX(_Helper!$C$2:$C$212,MATCH(26,_Helper!$E$2:$E$212,0)),"") | D32: =IFERROR(INDEX(_Helper!$A$2:$A$212,MATCH(26,_Helper!$E$2:$E$212,0)),"") | E32: =IFERROR(INDEX(_Helper!$D$2:$D$212,MATCH(26,_Helper!$E$2:$E$212,0)),"")
A33: =IFERROR(IF(MATCH(27,_Helper!$E$2:$E$212,0)>0,27,""),"") | B33: =IFERROR(INDEX(_Helper!$B$2:$B$212,MATCH(27,_Helper!$E$2:$E$212,0)),"") | C33: =IFERROR(INDEX(_Helper!$C$2:$C$212,MATCH(27,_Helper!$E$2:$E$212,0)),"") | D33: =IFERROR(INDEX(_Helper!$A$2:$A$212,MATCH(27,_Helper!$E$2:$E$212,0)),"") | E33: =IFERROR(INDEX(_Helper!$D$2:$D$212,MATCH(27,_Helper!$E$2:$E$212,0)),"")
A34: =IFERROR(IF(MATCH(28,_Helper!$E$2:$E$212,0)>0,28,""),"") | B34: =IFERROR(INDEX(_Helper!$B$2:$B$212,MATCH(28,_Helper!$E$2:$E$212,0)),"") | C34: =IFERROR(INDEX(_Helper!$C$2:$C$212,MATCH(28,_Helper!$E$2:$E$212,0)),"") | D34: =IFERROR(INDEX(_Helper!$A$2:$A$212,MATCH(28,_Helper!$E$2:$E$212,0)),"") | E34: =IFERROR(INDEX(_Helper!$D$2:$D$212,MATCH(28,_Helper!$E$2:$E$212,0)),"")
A35: =IFERROR(IF(MATCH(29,_Helper!$E$2:$E$212,0)>0,29,""),"") | B35: =IFERROR(INDEX(_Helper!$B$2:$B$212,MATCH(29,_Helper!$E$2:$E$212,0)),"") | C35: =IFERROR(INDEX(_Helper!$C$2:$C$212,MATCH(29,_Helper!$E$2:$E$212,0)),"") | D35: =IFERROR(INDEX(_Helper!$A$2:$A$212,MATCH(29,_Helper!$E$2:$E$212,0)),"") | E35: =IFERROR(INDEX(_Helper!$D$2:$D$212,MATCH(29,_Helper!$E$2:$E$212,0)),"")
A36: =IFERROR(IF(MATCH(30,_Helper!$E$2:$E$212,0)>0,30,""),"") | B36: =IFERROR(INDEX(_Helper!$B$2:$B$212,MATCH(30,_Helper!$E$2:$E$212,0)),"") | C36: =IFERROR(INDEX(_Helper!$C$2:$C$212,MATCH(30,_Helper!$E$2:$E$212,0)),"") | D36: =IFERROR(INDEX(_Helper!$A$2:$A$212,MATCH(30,_Helper!$E$2:$E$212,0)),"") | E36: =IFERROR(INDEX(_Helper!$D$2:$D$212,MATCH(30,_Helper!$E$2:$E$212,0)),"")
A37: =IFERROR(IF(MATCH(31,_Helper!$E$2:$E$212,0)>0,31,""),"") | B37: =IFERROR(INDEX(_Helper!$B$2:$B$212,MATCH(31,_Helper!$E$2:$E$212,0)),"") | C37: =IFERROR(INDEX(_Helper!$C$2:$C$212,MATCH(31,_Helper!$E$2:$E$212,0)),"") | D37: =IFERROR(INDEX(_Helper!$A$2:$A$212,MATCH(31,_Helper!$E$2:$E$212,0)),"") | E37: =IFERROR(INDEX(_Helper!$D$2:$D$212,MATCH(31,_Helper!$E$2:$E$212,0)),"")
A38: =IFERROR(IF(MATCH(32,_Helper!$E$2:$E$212,0)>0,32,""),"") | B38: =IFERROR(INDEX(_Helper!$B$2:$B$212,MATCH(32,_Helper!$E$2:$E$212,0)),"") | C38: =IFERROR(INDEX(_Helper!$C$2:$C$212,MATCH(32,_Helper!$E$2:$E$212,0)),"") | D38: =IFERROR(INDEX(_Helper!$A$2:$A$212,MATCH(32,_Helper!$E$2:$E$212,0)),"") | E38: =IFERROR(INDEX(_Helper!$D$2:$D$212,MATCH(32,_Helper!$E$2:$E$212,0)),"")
A39: =IFERROR(IF(MATCH(33,_Helper!$E$2:$E$212,0)>0,33,""),"") | B39: =IFERROR(INDEX(_Helper!$B$2:$B$212,MATCH(33,_Helper!$E$2:$E$212,0)),"") | C39: =IFERROR(INDEX(_Helper!$C$2:$C$212,MATCH(33,_Helper!$E$2:$E$212,0)),"") | D39: =IFERROR(INDEX(_Helper!$A$2:$A$212,MATCH(33,_Helper!$E$2:$E$212,0)),"") | E39: =IFERROR(INDEX(_Helper!$D$2:$D$212,MATCH(33,_Helper!$E$2:$E$212,0)),"")
A40: =IFERROR(IF(MATCH(34,_Helper!$E$2:$E$212,0)>0,34,""),"") | B40: =IFERROR(INDEX(_Helper!$B$2:$B$212,MATCH(34,_Helper!$E$2:$E$212,0)),"") | C40: =IFERROR(INDEX(_Helper!$C$2:$C$212,MATCH(34,_Helper!$E$2:$E$212,0)),"") | D40: =IFERROR(INDEX(_Helper!$A$2:$A$212,MATCH(34,_Helper!$E$2:$E$212,0)),"") | E40: =IFERROR(INDEX(_Helper!$D$2:$D$212,MATCH(34,_Helper!$E$2:$E$212,0)),"")
A41: =IFERROR(IF(MATCH(35,_Helper!$E$2:$E$212,0)>0,35,""),"") | B41: =IFERROR(INDEX(_Helper!$B$2:$B$212,MATCH(35,_Helper!$E$2:$E$212,0)),"") | C41: =IFERROR(INDEX(_Helper!$C$2:$C$212,MATCH(35,_Helper!$E$2:$E$212,0)),"") | D41: =IFERROR(INDEX(_Helper!$A$2:$A$212,MATCH(35,_Helper!$E$2:$E$212,0)),"") | E41: =IFERROR(INDEX(_Helper!$D$2:$D$212,MATCH(35,_Helper!$E$2:$E$212,0)),"")
A42: =IFERROR(IF(MATCH(36,_Helper!$E$2:$E$212,0)>0,36,""),"") | B42: =IFERROR(INDEX(_Helper!$B$2:$B$212,MATCH(36,_Helper!$E$2:$E$212,0)),"") | C42: =IFERROR(INDEX(_Helper!$C$2:$C$212,MATCH(36,_Helper!$E$2:$E$212,0)),"") | D42: =IFERROR(INDEX(_Helper!$A$2:$A$212,MATCH(36,_Helper!$E$2:$E$212,0)),"") | E42: =IFERROR(INDEX(_Helper!$D$2:$D$212,MATCH(36,_Helper!$E$2:$E$212,0)),"")
A43: =IFERROR(IF(MATCH(37,_Helper!$E$2:$E$212,0)>0,37,""),"") | B43: =IFERROR(INDEX(_Helper!$B$2:$B$212,MATCH(37,_Helper!$E$2:$E$212,0)),"") | C43: =IFERROR(INDEX(_Helper!$C$2:$C$212,MATCH(37,_Helper!$E$2:$E$212,0)),"") | D43: =IFERROR(INDEX(_Helper!$A$2:$A$212,MATCH(37,_Helper!$E$2:$E$212,0)),"") | E43: =IFERROR(INDEX(_Helper!$D$2:$D$212,MATCH(37,_Helper!$E$2:$E$212,0)),"")
A44: =IFERROR(IF(MATCH(38,_Helper!$E$2:$E$212,0)>0,38,""),"") | B44: =IFERROR(INDEX(_Helper!$B$2:$B$212,MATCH(38,_Helper!$E$2:$E$212,0)),"") | C44: =IFERROR(INDEX(_Helper!$C$2:$C$212,MATCH(38,_Helper!$E$2:$E$212,0)),"") | D44: =IFERROR(INDEX(_Helper!$A$2:$A$212,MATCH(38,_Helper!$E$2:$E$212,0)),"") | E44: =IFERROR(INDEX(_Helper!$D$2:$D$212,MATCH(38,_Helper!$E$2:$E$212,0)),"")
A45: =IFERROR(IF(MATCH(39,_Helper!$E$2:$E$212,0)>0,39,""),"") | B45: =IFERROR(INDEX(_Helper!$B$2:$B$212,MATCH(39,_Helper!$E$2:$E$212,0)),"") | C45: =IFERROR(INDEX(_Helper!$C$2:$C$212,MATCH(39,_Helper!$E$2:$E$212,0)),"") | D45: =IFERROR(INDEX(_Helper!$A$2:$A$212,MATCH(39,_Helper!$E$2:$E$212,0)),"") | E45: =IFERROR(INDEX(_Helper!$D$2:$D$212,MATCH(39,_Helper!$E$2:$E$212,0)),"")
A46: =IFERROR(IF(MATCH(40,_Helper!$E$2:$E$212,0)>0,40,""),"") | B46: =IFERROR(INDEX(_Helper!$B$2:$B$212,MATCH(40,_Helper!$E$2:$E$212,0)),"") | C46: =IFERROR(INDEX(_Helper!$C$2:$C$212,MATCH(40,_Helper!$E$2:$E$212,0)),"") | D46: =IFERROR(INDEX(_Helper!$A$2:$A$212,MATCH(40,_Helper!$E$2:$E$212,0)),"") | E46: =IFERROR(INDEX(_Helper!$D$2:$D$212,MATCH(40,_Helper!$E$2:$E$212,0)),"")
A47: =IFERROR(IF(MATCH(41,_Helper!$E$2:$E$212,0)>0,41,""),"") | B47: =IFERROR(INDEX(_Helper!$B$2:$B$212,MATCH(41,_Helper!$E$2:$E$212,0)),"") | C47: =IFERROR(INDEX(_Helper!$C$2:$C$212,MATCH(41,_Helper!$E$2:$E$212,0)),"") | D47: =IFERROR(INDEX(_Helper!$A$2:$A$212,MATCH(41,_Helper!$E$2:$E$212,0)),"") | E47: =IFERROR(INDEX(_Helper!$D$2:$D$212,MATCH(41,_Helper!$E$2:$E$212,0)),"")
A48: =IFERROR(IF(MATCH(42,_Helper!$E$2:$E$212,0)>0,42,""),"") | B48: =IFERROR(INDEX(_Helper!$B$2:$B$212,MATCH(42,_Helper!$E$2:$E$212,0)),"") | C48: =IFERROR(INDEX(_Helper!$C$2:$C$212,MATCH(42,_Helper!$E$2:$E$212,0)),"") | D48: =IFERROR(INDEX(_Helper!$A$2:$A$212,MATCH(42,_Helper!$E$2:$E$212,0)),"") | E48: =IFERROR(INDEX(_Helper!$D$2:$D$212,MATCH(42,_Helper!$E$2:$E$212,0)),"")
A49: =IFERROR(IF(MATCH(43,_Helper!$E$2:$E$212,0)>0,43,""),"") | B49: =IFERROR(INDEX(_Helper!$B$2:$B$212,MATCH(43,_Helper!$E$2:$E$212,0)),"") | C49: =IFERROR(INDEX(_Helper!$C$2:$C$212,MATCH(43,_Helper!$E$2:$E$212,0)),"") | D49: =IFERROR(INDEX(_Helper!$A$2:$A$212,MATCH(43,_Helper!$E$2:$E$212,0)),"") | E49: =IFERROR(INDEX(_Helper!$D$2:$D$212,MATCH(43,_Helper!$E$2:$E$212,0)),"")
A50: =IFERROR(IF(MATCH(44,_Helper!$E$2:$E$212,0)>0,44,""),"") | B50: =IFERROR(INDEX(_Helper!$B$2:$B$212,MATCH(44,_Helper!$E$2:$E$212,0)),"") | C50: =IFERROR(INDEX(_Helper!$C$2:$C$212,MATCH(44,_Helper!$E$2:$E$212,0)),"") | D50: =IFERROR(INDEX(_Helper!$A$2:$A$212,MATCH(44,_Helper!$E$2:$E$212,0)),"") | E50: =IFERROR(INDEX(_Helper!$D$2:$D$212,MATCH(44,_Helper!$E$2:$E$212,0)),"")
A51: =IFERROR(IF(MATCH(45,_Helper!$E$2:$E$212,0)>0,45,""),"") | B51: =IFERROR(INDEX(_Helper!$B$2:$B$212,MATCH(45,_Helper!$E$2:$E$212,0)),"") | C51: =IFERROR(INDEX(_Helper!$C$2:$C$212,MATCH(45,_Helper!$E$2:$E$212,0)),"") | D51: =IFERROR(INDEX(_Helper!$A$2:$A$212,MATCH(45,_Helper!$E$2:$E$212,0)),"") | E51: =IFERROR(INDEX(_Helper!$D$2:$D$212,MATCH(45,_Helper!$E$2:$E$212,0)),"")
A52: =IFERROR(IF(MATCH(46,_Helper!$E$2:$E$212,0)>0,46,""),"") | B52: =IFERROR(INDEX(_Helper!$B$2:$B$212,MATCH(46,_Helper!$E$2:$E$212,0)),"") | C52: =IFERROR(INDEX(_Helper!$C$2:$C$212,MATCH(46,_Helper!$E$2:$E$212,0)),"") | D52: =IFERROR(INDEX(_Helper!$A$2:$A$212,MATCH(46,_Helper!$E$2:$E$212,0)),"") | E52: =IFERROR(INDEX(_Helper!$D$2:$D$212,MATCH(46,_Helper!$E$2:$E$212,0)),"")
A53: =IFERROR(IF(MATCH(47,_Helper!$E$2:$E$212,0)>0,47,""),"") | B53: =IFERROR(INDEX(_Helper!$B$2:$B$212,MATCH(47,_Helper!$E$2:$E$212,0)),"") | C53: =IFERROR(INDEX(_Helper!$C$2:$C$212,MATCH(47,_Helper!$E$2:$E$212,0)),"") | D53: =IFERROR(INDEX(_Helper!$A$2:$A$212,MATCH(47,_Helper!$E$2:$E$212,0)),"") | E53: =IFERROR(INDEX(_Helper!$D$2:$D$212,MATCH(47,_Helper!$E$2:$E$212,0)),"")
A54: =IFERROR(IF(MATCH(48,_Helper!$E$2:$E$212,0)>0,48,""),"") | B54: =IFERROR(INDEX(_Helper!$B$2:$B$212,MATCH(48,_Helper!$E$2:$E$212,0)),"") | C54: =IFERROR(INDEX(_Helper!$C$2:$C$212,MATCH(48,_Helper!$E$2:$E$212,0)),"") | D54: =IFERROR(INDEX(_Helper!$A$2:$A$212,MATCH(48,_Helper!$E$2:$E$212,0)),"") | E54: =IFERROR(INDEX(_Helper!$D$2:$D$212,MATCH(48,_Helper!$E$2:$E$212,0)),"")
A55: =IFERROR(IF(MATCH(49,_Helper!$E$2:$E$212,0)>0,49,""),"") | B55: =IFERROR(INDEX(_Helper!$B$2:$B$212,MATCH(49,_Helper!$E$2:$E$212,0)),"") | C55: =IFERROR(INDEX(_Helper!$C$2:$C$212,MATCH(49,_Helper!$E$2:$E$212,0)),"") | D55: =IFERROR(INDEX(_Helper!$A$2:$A$212,MATCH(49,_Helper!$E$2:$E$212,0)),"") | E55: =IFERROR(INDEX(_Helper!$D$2:$D$212,MATCH(49,_Helper!$E$2:$E$212,0)),"")
A56: =IFERROR(IF(MATCH(50,_Helper!$E$2:$E$212,0)>0,50,""),"") | B56: =IFERROR(INDEX(_Helper!$B$2:$B$212,MATCH(50,_Helper!$E$2:$E$212,0)),"") | C56: =IFERROR(INDEX(_Helper!$C$2:$C$212,MATCH(50,_Helper!$E$2:$E$212,0)),"") | D56: =IFERROR(INDEX(_Helper!$A$2:$A$212,MATCH(50,_Helper!$E$2:$E$212,0)),"") | E56: =IFERROR(INDEX(_Helper!$D$2:$D$212,MATCH(50,_Helper!$E$2:$E$212,0)),"")
A57: =IFERROR(IF(MATCH(51,_Helper!$E$2:$E$212,0)>0,51,""),"") | B57: =IFERROR(INDEX(_Helper!$B$2:$B$212,MATCH(51,_Helper!$E$2:$E$212,0)),"") | C57: =IFERROR(INDEX(_Helper!$C$2:$C$212,MATCH(51,_Helper!$E$2:$E$212,0)),"") | D57: =IFERROR(INDEX(_Helper!$A$2:$A$212,MATCH(51,_Helper!$E$2:$E$212,0)),"") | E57: =IFERROR(INDEX(_Helper!$D$2:$D$212,MATCH(51,_Helper!$E$2:$E$212,0)),"")
A58: =IFERROR(IF(MATCH(52,_Helper!$E$2:$E$212,0)>0,52,""),"") | B58: =IFERROR(INDEX(_Helper!$B$2:$B$212,MATCH(52,_Helper!$E$2:$E$212,0)),"") | C58: =IFERROR(INDEX(_Helper!$C$2:$C$212,MATCH(52,_Helper!$E$2:$E$212,0)),"") | D58: =IFERROR(INDEX(_Helper!$A$2:$A$212,MATCH(52,_Helper!$E$2:$E$212,0)),"") | E58: =IFERROR(INDEX(_Helper!$D$2:$D$212,MATCH(52,_Helper!$E$2:$E$212,0)),"")
A59: =IFERROR(IF(MATCH(53,_Helper!$E$2:$E$212,0)>0,53,""),"") | B59: =IFERROR(INDEX(_Helper!$B$2:$B$212,MATCH(53,_Helper!$E$2:$E$212,0)),"") | C59: =IFERROR(INDEX(_Helper!$C$2:$C$212,MATCH(53,_Helper!$E$2:$E$212,0)),"") | D59: =IFERROR(INDEX(_Helper!$A$2:$A$212,MATCH(53,_Helper!$E$2:$E$212,0)),"") | E59: =IFERROR(INDEX(_Helper!$D$2:$D$212,MATCH(53,_Helper!$E$2:$E$212,0)),"")
A60: =IFERROR(IF(MATCH(54,_Helper!$E$2:$E$212,0)>0,54,""),"") | B60: =IFERROR(INDEX(_Helper!$B$2:$B$212,MATCH(54,_Helper!$E$2:$E$212,0)),"") | C60: =IFERROR(INDEX(_Helper!$C$2:$C$212,MATCH(54,_Helper!$E$2:$E$212,0)),"") | D60: =IFERROR(INDEX(_Helper!$A$2:$A$212,MATCH(54,_Helper!$E$2:$E$212,0)),"") | E60: =IFERROR(INDEX(_Helper!$D$2:$D$212,MATCH(54,_Helper!$E$2:$E$212,0)),"")
A61: =IFERROR(IF(MATCH(55,_Helper!$E$2:$E$212,0)>0,55,""),"") | B61: =IFERROR(INDEX(_Helper!$B$2:$B$212,MATCH(55,_Helper!$E$2:$E$212,0)),"") | C61: =IFERROR(INDEX(_Helper!$C$2:$C$212,MATCH(55,_Helper!$E$2:$E$212,0)),"") | D61: =IFERROR(INDEX(_Helper!$A$2:$A$212,MATCH(55,_Helper!$E$2:$E$212,0)),"") | E61: =IFERROR(INDEX(_Helper!$D$2:$D$212,MATCH(55,_Helper!$E$2:$E$212,0)),"")
A62: =IFERROR(IF(MATCH(56,_Helper!$E$2:$E$212,0)>0,56,""),"") | B62: =IFERROR(INDEX(_Helper!$B$2:$B$212,MATCH(56,_Helper!$E$2:$E$212,0)),"") | C62: =IFERROR(INDEX(_Helper!$C$2:$C$212,MATCH(56,_Helper!$E$2:$E$212,0)),"") | D62: =IFERROR(INDEX(_Helper!$A$2:$A$212,MATCH(56,_Helper!$E$2:$E$212,0)),"") | E62: =IFERROR(INDEX(_Helper!$D$2:$D$212,MATCH(56,_Helper!$E$2:$E$212,0)),"")
A63: =IFERROR(IF(MATCH(57,_Helper!$E$2:$E$212,0)>0,57,""),"") | B63: =IFERROR(INDEX(_Helper!$B$2:$B$212,MATCH(57,_Helper!$E$2:$E$212,0)),"") | C63: =IFERROR(INDEX(_Helper!$C$2:$C$212,MATCH(57,_Helper!$E$2:$E$212,0)),"") | D63: =IFERROR(INDEX(_Helper!$A$2:$A$212,MATCH(57,_Helper!$E$2:$E$212,0)),"") | E63: =IFERROR(INDEX(_Helper!$D$2:$D$212,MATCH(57,_Helper!$E$2:$E$212,0)),"")
A64: =IFERROR(IF(MATCH(58,_Helper!$E$2:$E$212,0)>0,58,""),"") | B64: =IFERROR(INDEX(_Helper!$B$2:$B$212,MATCH(58,_Helper!$E$2:$E$212,0)),"") | C64: =IFERROR(INDEX(_Helper!$C$2:$C$212,MATCH(58,_Helper!$E$2:$E$212,0)),"") | D64: =IFERROR(INDEX(_Helper!$A$2:$A$212,MATCH(58,_Helper!$E$2:$E$212,0)),"") | E64: =IFERROR(INDEX(_Helper!$D$2:$D$212,MATCH(58,_Helper!$E$2:$E$212,0)),"")
A65: =IFERROR(IF(MATCH(59,_Helper!$E$2:$E$212,0)>0,59,""),"") | B65: =IFERROR(INDEX(_Helper!$B$2:$B$212,MATCH(59,_Helper!$E$2:$E$212,0)),"") | C65: =IFERROR(INDEX(_Helper!$C$2:$C$212,MATCH(59,_Helper!$E$2:$E$212,0)),"") | D65: =IFERROR(INDEX(_Helper!$A$2:$A$212,MATCH(59,_Helper!$E$2:$E$212,0)),"") | E65: =IFERROR(INDEX(_Helper!$D$2:$D$212,MATCH(59,_Helper!$E$2:$E$212,0)),"")
A66: =IFERROR(IF(MATCH(60,_Helper!$E$2:$E$212,0)>0,60,""),"") | B66: =IFERROR(INDEX(_Helper!$B$2:$B$212,MATCH(60,_Helper!$E$2:$E$212,0)),"") | C66: =IFERROR(INDEX(_Helper!$C$2:$C$212,MATCH(60,_Helper!$E$2:$E$212,0)),"") | D66: =IFERROR(INDEX(_Helper!$A$2:$A$212,MATCH(60,_Helper!$E$2:$E$212,0)),"") | E66: =IFERROR(INDEX(_Helper!$D$2:$D$212,MATCH(60,_Helper!$E$2:$E$212,0)),"")
A67: =IFERROR(IF(MATCH(61,_Helper!$E$2:$E$212,0)>0,61,""),"") | B67: =IFERROR(INDEX(_Helper!$B$2:$B$212,MATCH(61,_Helper!$E$2:$E$212,0)),"") | C67: =IFERROR(INDEX(_Helper!$C$2:$C$212,MATCH(61,_Helper!$E$2:$E$212,0)),"") | D67: =IFERROR(INDEX(_Helper!$A$2:$A$212,MATCH(61,_Helper!$E$2:$E$212,0)),"") | E67: =IFERROR(INDEX(_Helper!$D$2:$D$212,MATCH(61,_Helper!$E$2:$E$212,0)),"")
A68: =IFERROR(IF(MATCH(62,_Helper!$E$2:$E$212,0)>0,62,""),"") | B68: =IFERROR(INDEX(_Helper!$B$2:$B$212,MATCH(62,_Helper!$E$2:$E$212,0)),"") | C68: =IFERROR(INDEX(_Helper!$C$2:$C$212,MATCH(62,_Helper!$E$2:$E$212,0)),"") | D68: =IFERROR(INDEX(_Helper!$A$2:$A$212,MATCH(62,_Helper!$E$2:$E$212,0)),"") | E68: =IFERROR(INDEX(_Helper!$D$2:$D$212,MATCH(62,_Helper!$E$2:$E$212,0)),"")
A69: =IFERROR(IF(MATCH(63,_Helper!$E$2:$E$212,0)>0,63,""),"") | B69: =IFERROR(INDEX(_Helper!$B$2:$B$212,MATCH(63,_Helper!$E$2:$E$212,0)),"") | C69: =IFERROR(INDEX(_Helper!$C$2:$C$212,MATCH(63,_Helper!$E$2:$E$212,0)),"") | D69: =IFERROR(INDEX(_Helper!$A$2:$A$212,MATCH(63,_Helper!$E$2:$E$212,0)),"") | E69: =IFERROR(INDEX(_Helper!$D$2:$D$212,MATCH(63,_Helper!$E$2:$E$212,0)),"")
A70: =IFERROR(IF(MATCH(64,_Helper!$E$2:$E$212,0)>0,64,""),"") | B70: =IFERROR(INDEX(_Helper!$B$2:$B$212,MATCH(64,_Helper!$E$2:$E$212,0)),"") | C70: =IFERROR(INDEX(_Helper!$C$2:$C$212,MATCH(64,_Helper!$E$2:$E$212,0)),"") | D70: =IFERROR(INDEX(_Helper!$A$2:$A$212,MATCH(64,_Helper!$E$2:$E$212,0)),"") | E70: =IFERROR(INDEX(_Helper!$D$2:$D$212,MATCH(64,_Helper!$E$2:$E$212,0)),"")
A71: =IFERROR(IF(MATCH(65,_Helper!$E$2:$E$212,0)>0,65,""),"") | B71: =IFERROR(INDEX(_Helper!$B$2:$B$212,MATCH(65,_Helper!$E$2:$E$212,0)),"") | C71: =IFERROR(INDEX(_Helper!$C$2:$C$212,MATCH(65,_Helper!$E$2:$E$212,0)),"") | D71: =IFERROR(INDEX(_Helper!$A$2:$A$212,MATCH(65,_Helper!$E$2:$E$212,0)),"") | E71: =IFERROR(INDEX(_Helper!$D$2:$D$212,MATCH(65,_Helper!$E$2:$E$212,0)),"")
A72: =IFERROR(IF(MATCH(66,_Helper!$E$2:$E$212,0)>0,66,""),"") | B72: =IFERROR(INDEX(_Helper!$B$2:$B$212,MATCH(66,_Helper!$E$2:$E$212,0)),"") | C72: =IFERROR(INDEX(_Helper!$C$2:$C$212,MATCH(66,_Helper!$E$2:$E$212,0)),"") | D72: =IFERROR(INDEX(_Helper!$A$2:$A$212,MATCH(66,_Helper!$E$2:$E$212,0)),"") | E72: =IFERROR(INDEX(_Helper!$D$2:$D$212,MATCH(66,_Helper!$E$2:$E$212,0)),"")
A73: =IFERROR(IF(MATCH(67,_Helper!$E$2:$E$212,0)>0,67,""),"") | B73: =IFERROR(INDEX(_Helper!$B$2:$B$212,MATCH(67,_Helper!$E$2:$E$212,0)),"") | C73: =IFERROR(INDEX(_Helper!$C$2:$C$212,MATCH(67,_Helper!$E$2:$E$212,0)),"") | D73: =IFERROR(INDEX(_Helper!$A$2:$A$212,MATCH(67,_Helper!$E$2:$E$212,0)),"") | E73: =IFERROR(INDEX(_Helper!$D$2:$D$212,MATCH(67,_Helper!$E$2:$E$212,0)),"")
A74: =IFERROR(IF(MATCH(68,_Helper!$E$2:$E$212,0)>0,68,""),"") | B74: =IFERROR(INDEX(_Helper!$B$2:$B$212,MATCH(68,_Helper!$E$2:$E$212,0)),"") | C74: =IFERROR(INDEX(_Helper!$C$2:$C$212,MATCH(68,_Helper!$E$2:$E$212,0)),"") | D74: =IFERROR(INDEX(_Helper!$A$2:$A$212,MATCH(68,_Helper!$E$2:$E$212,0)),"") | E74: =IFERROR(INDEX(_Helper!$D$2:$D$212,MATCH(68,_Helper!$E$2:$E$212,0)),"")
A75: =IFERROR(IF(MATCH(69,_Helper!$E$2:$E$212,0)>0,69,""),"") | B75: =IFERROR(INDEX(_Helper!$B$2:$B$212,MATCH(69,_Helper!$E$2:$E$212,0)),"") | C75: =IFERROR(INDEX(_Helper!$C$2:$C$212,MATCH(69,_Helper!$E$2:$E$212,0)),"") | D75: =IFERROR(INDEX(_Helper!$A$2:$A$212,MATCH(69,_Helper!$E$2:$E$212,0)),"") | E75: =IFERROR(INDEX(_Helper!$D$2:$D$212,MATCH(69,_Helper!$E$2:$E$212,0)),"")
A76: =IFERROR(IF(MATCH(70,_Helper!$E$2:$E$212,0)>0,70,""),"") | B76: =IFERROR(INDEX(_Helper!$B$2:$B$212,MATCH(70,_Helper!$E$2:$E$212,0)),"") | C76: =IFERROR(INDEX(_Helper!$C$2:$C$212,MATCH(70,_Helper!$E$2:$E$212,0)),"") | D76: =IFERROR(INDEX(_Helper!$A$2:$A$212,MATCH(70,_Helper!$E$2:$E$212,0)),"") | E76: =IFERROR(INDEX(_Helper!$D$2:$D$212,MATCH(70,_Helper!$E$2:$E$212,0)),"")
A77: =IFERROR(IF(MATCH(71,_Helper!$E$2:$E$212,0)>0,71,""),"") | B77: =IFERROR(INDEX(_Helper!$B$2:$B$212,MATCH(71,_Helper!$E$2:$E$212,0)),"") | C77: =IFERROR(INDEX(_Helper!$C$2:$C$212,MATCH(71,_Helper!$E$2:$E$212,0)),"") | D77: =IFERROR(INDEX(_Helper!$A$2:$A$212,MATCH(71,_Helper!$E$2:$E$212,0)),"") | E77: =IFERROR(INDEX(_Helper!$D$2:$D$212,MATCH(71,_Helper!$E$2:$E$212,0)),"")
A78: =IFERROR(IF(MATCH(72,_Helper!$E$2:$E$212,0)>0,72,""),"") | B78: =IFERROR(INDEX(_Helper!$B$2:$B$212,MATCH(72,_Helper!$E$2:$E$212,0)),"") | C78: =IFERROR(INDEX(_Helper!$C$2:$C$212,MATCH(72,_Helper!$E$2:$E$212,0)),"") | D78: =IFERROR(INDEX(_Helper!$A$2:$A$212,MATCH(72,_Helper!$E$2:$E$212,0)),"") | E78: =IFERROR(INDEX(_Helper!$D$2:$D$212,MATCH(72,_Helper!$E$2:$E$212,0)),"")
A79: =IFERROR(IF(MATCH(73,_Helper!$E$2:$E$212,0)>0,73,""),"") | B79: =IFERROR(INDEX(_Helper!$B$2:$B$212,MATCH(73,_Helper!$E$2:$E$212,0)),"") | C79: =IFERROR(INDEX(_Helper!$C$2:$C$212,MATCH(73,_Helper!$E$2:$E$212,0)),"") | D79: =IFERROR(INDEX(_Helper!$A$2:$A$212,MATCH(73,_Helper!$E$2:$E$212,0)),"") | E79: =IFERROR(INDEX(_Helper!$D$2:$D$212,MATCH(73,_Helper!$E$2:$E$212,0)),"")
A80: =IFERROR(IF(MATCH(74,_Helper!$E$2:$E$212,0)>0,74,""),"") | B80: =IFERROR(INDEX(_Helper!$B$2:$B$212,MATCH(74,_Helper!$E$2:$E$212,0)),"") | C80: =IFERROR(INDEX(_Helper!$C$2:$C$212,MATCH(74,_Helper!$E$2:$E$212,0)),"") | D80: =IFERROR(INDEX(_Helper!$A$2:$A$212,MATCH(74,_Helper!$E$2:$E$212,0)),"") | E80: =IFERROR(INDEX(_Helper!$D$2:$D$212,MATCH(74,_Helper!$E$2:$E$212,0)),"")
A81: =IFERROR(IF(MATCH(75,_Helper!$E$2:$E$212,0)>0,75,""),"") | B81: =IFERROR(INDEX(_Helper!$B$2:$B$212,MATCH(75,_Helper!$E$2:$E$212,0)),"") | C81: =IFERROR(INDEX(_Helper!$C$2:$C$212,MATCH(75,_Helper!$E$2:$E$212,0)),"") | D81: =IFERROR(INDEX(_Helper!$A$2:$A$212,MATCH(75,_Helper!$E$2:$E$212,0)),"") | E81: =IFERROR(INDEX(_Helper!$D$2:$D$212,MATCH(75,_Helper!$E$2:$E$212,0)),"")
A82: =IFERROR(IF(MATCH(76,_Helper!$E$2:$E$212,0)>0,76,""),"") | B82: =IFERROR(INDEX(_Helper!$B$2:$B$212,MATCH(76,_Helper!$E$2:$E$212,0)),"") | C82: =IFERROR(INDEX(_Helper!$C$2:$C$212,MATCH(76,_Helper!$E$2:$E$212,0)),"") | D82: =IFERROR(INDEX(_Helper!$A$2:$A$212,MATCH(76,_Helper!$E$2:$E$212,0)),"") | E82: =IFERROR(INDEX(_Helper!$D$2:$D$212,MATCH(76,_Helper!$E$2:$E$212,0)),"")
A83: =IFERROR(IF(MATCH(77,_Helper!$E$2:$E$212,0)>0,77,""),"") | B83: =IFERROR(INDEX(_Helper!$B$2:$B$212,MATCH(77,_Helper!$E$2:$E$212,0)),"") | C83: =IFERROR(INDEX(_Helper!$C$2:$C$212,MATCH(77,_Helper!$E$2:$E$212,0)),"") | D83: =IFERROR(INDEX(_Helper!$A$2:$A$212,MATCH(77,_Helper!$E$2:$E$212,0)),"") | E83: =IFERROR(INDEX(_Helper!$D$2:$D$212,MATCH(77,_Helper!$E$2:$E$212,0)),"")
A84: =IFERROR(IF(MATCH(78,_Helper!$E$2:$E$212,0)>0,78,""),"") | B84: =IFERROR(INDEX(_Helper!$B$2:$B$212,MATCH(78,_Helper!$E$2:$E$212,0)),"") | C84: =IFERROR(INDEX(_Helper!$C$2:$C$212,MATCH(78,_Helper!$E$2:$E$212,0)),"") | D84: =IFERROR(INDEX(_Helper!$A$2:$A$212,MATCH(78,_Helper!$E$2:$E$212,0)),"") | E84: =IFERROR(INDEX(_Helper!$D$2:$D$212,MATCH(78,_Helper!$E$2:$E$212,0)),"")
A85: =IFERROR(IF(MATCH(79,_Helper!$E$2:$E$212,0)>0,79,""),"") | B85: =IFERROR(INDEX(_Helper!$B$2:$B$212,MATCH(79,_Helper!$E$2:$E$212,0)),"") | C85: =IFERROR(INDEX(_Helper!$C$2:$C$212,MATCH(79,_Helper!$E$2:$E$212,0)),"") | D85: =IFERROR(INDEX(_Helper!$A$2:$A$212,MATCH(79,_Helper!$E$2:$E$212,0)),"") | E85: =IFERROR(INDEX(_Helper!$D$2:$D$212,MATCH(79,_Helper!$E$2:$E$212,0)),"")
A86: =IFERROR(IF(MATCH(80,_Helper!$E$2:$E$212,0)>0,80,""),"") | B86: =IFERROR(INDEX(_Helper!$B$2:$B$212,MATCH(80,_Helper!$E$2:$E$212,0)),"") | C86: =IFERROR(INDEX(_Helper!$C$2:$C$212,MATCH(80,_Helper!$E$2:$E$212,0)),"") | D86: =IFERROR(INDEX(_Helper!$A$2:$A$212,MATCH(80,_Helper!$E$2:$E$212,0)),"") | E86: =IFERROR(INDEX(_Helper!$D$2:$D$212,MATCH(80,_Helper!$E$2:$E$212,0)),"")
A87: =IFERROR(IF(MATCH(81,_Helper!$E$2:$E$212,0)>0,81,""),"") | B87: =IFERROR(INDEX(_Helper!$B$2:$B$212,MATCH(81,_Helper!$E$2:$E$212,0)),"") | C87: =IFERROR(INDEX(_Helper!$C$2:$C$212,MATCH(81,_Helper!$E$2:$E$212,0)),"") | D87: =IFERROR(INDEX(_Helper!$A$2:$A$212,MATCH(81,_Helper!$E$2:$E$212,0)),"") | E87: =IFERROR(INDEX(_Helper!$D$2:$D$212,MATCH(81,_Helper!$E$2:$E$212,0)),"")
A88: =IFERROR(IF(MATCH(82,_Helper!$E$2:$E$212,0)>0,82,""),"") | B88: =IFERROR(INDEX(_Helper!$B$2:$B$212,MATCH(82,_Helper!$E$2:$E$212,0)),"") | C88: =IFERROR(INDEX(_Helper!$C$2:$C$212,MATCH(82,_Helper!$E$2:$E$212,0)),"") | D88: =IFERROR(INDEX(_Helper!$A$2:$A$212,MATCH(82,_Helper!$E$2:$E$212,0)),"") | E88: =IFERROR(INDEX(_Helper!$D$2:$D$212,MATCH(82,_Helper!$E$2:$E$212,0)),"")
A89: =IFERROR(IF(MATCH(83,_Helper!$E$2:$E$212,0)>0,83,""),"") | B89: =IFERROR(INDEX(_Helper!$B$2:$B$212,MATCH(83,_Helper!$E$2:$E$212,0)),"") | C89: =IFERROR(INDEX(_Helper!$C$2:$C$212,MATCH(83,_Helper!$E$2:$E$212,0)),"") | D89: =IFERROR(INDEX(_Helper!$A$2:$A$212,MATCH(83,_Helper!$E$2:$E$212,0)),"") | E89: =IFERROR(INDEX(_Helper!$D$2:$D$212,MATCH(83,_Helper!$E$2:$E$212,0)),"")
A90: =IFERROR(IF(MATCH(84,_Helper!$E$2:$E$212,0)>0,84,""),"") | B90: =IFERROR(INDEX(_Helper!$B$2:$B$212,MATCH(84,_Helper!$E$2:$E$212,0)),"") | C90: =IFERROR(INDEX(_Helper!$C$2:$C$212,MATCH(84,_Helper!$E$2:$E$212,0)),"") | D90: =IFERROR(INDEX(_Helper!$A$2:$A$212,MATCH(84,_Helper!$E$2:$E$212,0)),"") | E90: =IFERROR(INDEX(_Helper!$D$2:$D$212,MATCH(84,_Helper!$E$2:$E$212,0)),"")
A91: =IFERROR(IF(MATCH(85,_Helper!$E$2:$E$212,0)>0,85,""),"") | B91: =IFERROR(INDEX(_Helper!$B$2:$B$212,MATCH(85,_Helper!$E$2:$E$212,0)),"") | C91: =IFERROR(INDEX(_Helper!$C$2:$C$212,MATCH(85,_Helper!$E$2:$E$212,0)),"") | D91: =IFERROR(INDEX(_Helper!$A$2:$A$212,MATCH(85,_Helper!$E$2:$E$212,0)),"") | E91: =IFERROR(INDEX(_Helper!$D$2:$D$212,MATCH(85,_Helper!$E$2:$E$212,0)),"")
A92: =IFERROR(IF(MATCH(86,_Helper!$E$2:$E$212,0)>0,86,""),"") | B92: =IFERROR(INDEX(_Helper!$B$2:$B$212,MATCH(86,_Helper!$E$2:$E$212,0)),"") | C92: =IFERROR(INDEX(_Helper!$C$2:$C$212,MATCH(86,_Helper!$E$2:$E$212,0)),"") | D92: =IFERROR(INDEX(_Helper!$A$2:$A$212,MATCH(86,_Helper!$E$2:$E$212,0)),"") | E92: =IFERROR(INDEX(_Helper!$D$2:$D$212,MATCH(86,_Helper!$E$2:$E$212,0)),"")
A93: =IFERROR(IF(MATCH(87,_Helper!$E$2:$E$212,0)>0,87,""),"") | B93: =IFERROR(INDEX(_Helper!$B$2:$B$212,MATCH(87,_Helper!$E$2:$E$212,0)),"") | C93: =IFERROR(INDEX(_Helper!$C$2:$C$212,MATCH(87,_Helper!$E$2:$E$212,0)),"") | D93: =IFERROR(INDEX(_Helper!$A$2:$A$212,MATCH(87,_Helper!$E$2:$E$212,0)),"") | E93: =IFERROR(INDEX(_Helper!$D$2:$D$212,MATCH(87,_Helper!$E$2:$E$212,0)),"")
A94: =IFERROR(IF(MATCH(88,_Helper!$E$2:$E$212,0)>0,88,""),"") | B94: =IFERROR(INDEX(_Helper!$B$2:$B$212,MATCH(88,_Helper!$E$2:$E$212,0)),"") | C94: =IFERROR(INDEX(_Helper!$C$2:$C$212,MATCH(88,_Helper!$E$2:$E$212,0)),"") | D94: =IFERROR(INDEX(_Helper!$A$2:$A$212,MATCH(88,_Helper!$E$2:$E$212,0)),"") | E94: =IFERROR(INDEX(_Helper!$D$2:$D$212,MATCH(88,_Helper!$E$2:$E$212,0)),"")
A95: =IFERROR(IF(MATCH(89,_Helper!$E$2:$E$212,0)>0,89,""),"") | B95: =IFERROR(INDEX(_Helper!$B$2:$B$212,MATCH(89,_Helper!$E$2:$E$212,0)),"") | C95: =IFERROR(INDEX(_Helper!$C$2:$C$212,MATCH(89,_Helper!$E$2:$E$212,0)),"") | D95: =IFERROR(INDEX(_Helper!$A$2:$A$212,MATCH(89,_Helper!$E$2:$E$212,0)),"") | E95: =IFERROR(INDEX(_Helper!$D$2:$D$212,MATCH(89,_Helper!$E$2:$E$212,0)),"")
A96: =IFERROR(IF(MATCH(90,_Helper!$E$2:$E$212,0)>0,90,""),"") | B96: =IFERROR(INDEX(_Helper!$B$2:$B$212,MATCH(90,_Helper!$E$2:$E$212,0)),"") | C96: =IFERROR(INDEX(_Helper!$C$2:$C$212,MATCH(90,_Helper!$E$2:$E$212,0)),"") | D96: =IFERROR(INDEX(_Helper!$A$2:$A$212,MATCH(90,_Helper!$E$2:$E$212,0)),"") | E96: =IFERROR(INDEX(_Helper!$D$2:$D$212,MATCH(90,_Helper!$E$2:$E$212,0)),"")
A97: =IFERROR(IF(MATCH(91,_Helper!$E$2:$E$212,0)>0,91,""),"") | B97: =IFERROR(INDEX(_Helper!$B$2:$B$212,MATCH(91,_Helper!$E$2:$E$212,0)),"") | C97: =IFERROR(INDEX(_Helper!$C$2:$C$212,MATCH(91,_Helper!$E$2:$E$212,0)),"") | D97: =IFERROR(INDEX(_Helper!$A$2:$A$212,MATCH(91,_Helper!$E$2:$E$212,0)),"") | E97: =IFERROR(INDEX(_Helper!$D$2:$D$212,MATCH(91,_Helper!$E$2:$E$212,0)),"")
A98: =IFERROR(IF(MATCH(92,_Helper!$E$2:$E$212,0)>0,92,""),"") | B98: =IFERROR(INDEX(_Helper!$B$2:$B$212,MATCH(92,_Helper!$E$2:$E$212,0)),"") | C98: =IFERROR(INDEX(_Helper!$C$2:$C$212,MATCH(92,_Helper!$E$2:$E$212,0)),"") | D98: =IFERROR(INDEX(_Helper!$A$2:$A$212,MATCH(92,_Helper!$E$2:$E$212,0)),"") | E98: =IFERROR(INDEX(_Helper!$D$2:$D$212,MATCH(92,_Helper!$E$2:$E$212,0)),"")
A99: =IFERROR(IF(MATCH(93,_Helper!$E$2:$E$212,0)>0,93,""),"") | B99: =IFERROR(INDEX(_Helper!$B$2:$B$212,MATCH(93,_Helper!$E$2:$E$212,0)),"") | C99: =IFERROR(INDEX(_Helper!$C$2:$C$212,MATCH(93,_Helper!$E$2:$E$212,0)),"") | D99: =IFERROR(INDEX(_Helper!$A$2:$A$212,MATCH(93,_Helper!$E$2:$E$212,0)),"") | E99: =IFERROR(INDEX(_Helper!$D$2:$D$212,MATCH(93,_Helper!$E$2:$E$212,0)),"")
A100: =IFERROR(IF(MATCH(94,_Helper!$E$2:$E$212,0)>0,94,""),"") | B100: =IFERROR(INDEX(_Helper!$B$2:$B$212,MATCH(94,_Helper!$E$2:$E$212,0)),"") | C100: =IFERROR(INDEX(_Helper!$C$2:$C$212,MATCH(94,_Helper!$E$2:$E$212,0)),"") | D100: =IFERROR(INDEX(_Helper!$A$2:$A$212,MATCH(94,_Helper!$E$2:$E$212,0)),"") | E100: =IFERROR(INDEX(_Helper!$D$2:$D$212,MATCH(94,_Helper!$E$2:$E$212,0)),"")
A101: =IFERROR(IF(MATCH(95,_Helper!$E$2:$E$212,0)>0,95,""),"") | B101: =IFERROR(INDEX(_Helper!$B$2:$B$212,MATCH(95,_Helper!$E$2:$E$212,0)),"") | C101: =IFERROR(INDEX(_Helper!$C$2:$C$212,MATCH(95,_Helper!$E$2:$E$212,0)),"") | D101: =IFERROR(INDEX(_Helper!$A$2:$A$212,MATCH(95,_Helper!$E$2:$E$212,0)),"") | E101: =IFERROR(INDEX(_Helper!$D$2:$D$212,MATCH(95,_Helper!$E$2:$E$212,0)),"")
A102: =IFERROR(IF(MATCH(96,_Helper!$E$2:$E$212,0)>0,96,""),"") | B102: =IFERROR(INDEX(_Helper!$B$2:$B$212,MATCH(96,_Helper!$E$2:$E$212,0)),"") | C102: =IFERROR(INDEX(_Helper!$C$2:$C$212,MATCH(96,_Helper!$E$2:$E$212,0)),"") | D102: =IFERROR(INDEX(_Helper!$A$2:$A$212,MATCH(96,_Helper!$E$2:$E$212,0)),"") | E102: =IFERROR(INDEX(_Helper!$D$2:$D$212,MATCH(96,_Helper!$E$2:$E$212,0)),"")
A103: =IFERROR(IF(MATCH(97,_Helper!$E$2:$E$212,0)>0,97,""),"") | B103: =IFERROR(INDEX(_Helper!$B$2:$B$212,MATCH(97,_Helper!$E$2:$E$212,0)),"") | C103: =IFERROR(INDEX(_Helper!$C$2:$C$212,MATCH(97,_Helper!$E$2:$E$212,0)),"") | D103: =IFERROR(INDEX(_Helper!$A$2:$A$212,MATCH(97,_Helper!$E$2:$E$212,0)),"") | E103: =IFERROR(INDEX(_Helper!$D$2:$D$212,MATCH(97,_Helper!$E$2:$E$212,0)),"")
...
